level	mode	n_images	mean_cosine	median_cosine	max_cosine	min_cosine
5	path	12	0.27141618356108665	0.27772438526153564	0.3087462782859802	0.21923062205314636
5	raw	12	0.22261914114157358	0.22032281011343002	0.276585191488266	0.13903379440307617
5	template	12	0.26594894627730054	0.27665042877197266	0.30194926261901855	0.21140527725219727
6	path	81	0.27717955465669986	0.27877742052078247	0.34093284606933594	0.21322709321975708
6	raw	81	0.22251747309425732	0.2207585722208023	0.33083629608154297	0.1303447037935257
6	template	81	0.26899656083112883	0.27094829082489014	0.33666062355041504	0.19784772396087646
