leaf_id,leaf_label_fr,mother_id(depth=1),mother_label_fr
tm-22v2fsax,Joseph interprétant le songe du panetier,tm-dferfdbu,Bible
tm-23h9wqfr,hérisson,tm-es22d6su,animaux
tm-25fjujvw,château,tm-dtfhjmhe,éléments d'architecture
tm-25w3cbz6,Brunet Latin,tm-chm6nfv2,personnages historiques litteraires et mythologiques
tm-2645zjsy,moustique,tm-es22d6su,animaux
tm-26dc9crm,Néhémie recevant une lettre du roi Artaxerxès,tm-dferfdbu,Bible
tm-26jprse6,roi de Castille,tm-kdmndh48,catégories sociales et peuples
tm-26uybhrd,juin,tm-k7prxdpw,temps
tm-29qps6lg,danseur,tm-pqk44ebu,personnages
tm-2a3ngumt,anatomie,tm-ceentecm,étude et savoir
tm-2a3wk3ey,reproches de saint Joseph à la Vierge,tm-dferfdbu,Bible
tm-2aruloqn,tables de la loi,tm-u3gxy5k2,écrits
tm-2axbwbse,balance,tm-8w59dqrj,instruments de mesure
tm-2az2zdim,mortier,tm-hnxe45cj,objets domestiques
tm-2b3l84rp,infirmité,tm-gtia7dmq,soins du corps et maladies
tm-2b7eqynw,béquille,tm-9xdig6kt,outils et instruments divers
tm-2b8xmpjy,quenouille,tm-9xdig6kt,outils et instruments divers
tm-2bwnrvdx,châtiments des Philistins,tm-dferfdbu,Bible
tm-2c8ev3gn,roi de Lotharingie,tm-kdmndh48,catégories sociales et peuples
tm-2cazuhtm,saint Jean-Baptiste au désert,tm-dferfdbu,Bible
tm-2eanywln,flagellation,tm-twr3g7gr,peines corporelles et chatiments
tm-2ege92tc,Rachel,tm-8dvxtncr,personnages de l'Ancien Testament
tm-2exx3nyn,forêt,tm-rjrpwa7c,éléments du paysage
tm-2f2iezty,surmontain,tm-dgunamb6,végétaux
tm-2fmmwu3c,Ladicius,tm-chm6nfv2,personnages historiques litteraires et mythologiques
tm-2frgvbvp,leucrote,tm-es22d6su,animaux
tm-2gidghif,lion combattant,tm-4cuzvu8k,"homme, animal, nature"
tm-2gz3ome5,déchaussement,tm-l4c6ncu5,relations entre personnage et objet
tm-2hj88ywc,vitrail,tm-njgn49nx,images
tm-2iveqmib,Christ guérissant un aveugle,tm-dferfdbu,Bible
tm-2iwsyjhz,saint Cassien,tm-wnsvi7uz,"apôtres, évangélistes, saints et saintes"
tm-2jotucyd,prêtres juifs payant trente deniers à Judas,tm-dferfdbu,Bible
tm-2kgy3rby,cannelle,tm-dgunamb6,végétaux
tm-2lsqwaqr,parabole du cep et des sarments,tm-dferfdbu,Bible
tm-2m6ksrqf,personnages à tête unique,tm-pqk44ebu,personnages
tm-2n95xank,Galien,tm-chm6nfv2,personnages historiques litteraires et mythologiques
tm-2ngblxkg,tentation d'Ève,tm-dferfdbu,Bible
tm-2oodgogd,os,tm-xz4pq72a,corps humain et animal
tm-2pehrfje,bernache,tm-es22d6su,animaux
tm-2pkqkrzl,œuvres de miséricorde (sujet),tm-qhhmbog9,vertus et vices (sujets)
tm-2ppjvwnm,langouste,tm-es22d6su,animaux
tm-2pvwwnli,archanges,tm-dferfdbu,Bible
tm-2q6snheh,tête animal androphage,tm-4cuzvu8k,"homme, animal, nature"
tm-2qrnvah3,sortie de l'Arche de Noé,tm-dferfdbu,Bible
tm-2qys4tcp,sainte Radegonde demandant à saint Médard d'être ordonnée diaconesse,tm-yl47emxq,saints et saintes
tm-2r29cbk9,dromadaire,tm-es22d6su,animaux
tm-2r4xnqdr,eupatoire de mésué,tm-dgunamb6,végétaux
tm-2r5rz84v,Samson massacrant les Philistins,tm-dferfdbu,Bible
tm-2ragomwl,saint Taurin présenté à saint Clément,tm-yl47emxq,saints et saintes
tm-2rt28t34,personnage debout,tm-pqk44ebu,personnages
tm-2s5gwnty,David ramenant l'arche d'alliance à Jérusalem,tm-dferfdbu,Bible
tm-2scr5bcr,"fenaison (agriculture, artisanat et commerce, vie quotidienne, calendrier)",tm-t4ksxzbv,"agriculture, artisanat et commerce, vie quotidienne, calendrier"
tm-2scvmdnl,Isaac,tm-8dvxtncr,personnages de l'Ancien Testament
tm-2sf47qwt,saint Joachim parmi ses bergers,tm-dferfdbu,Bible
tm-2tavfrlj,laitue,tm-dgunamb6,végétaux
tm-2tegbe8v,Moïse et Aaron devant Pharaon,tm-dferfdbu,Bible
tm-2ujduhzq,prière,tm-pxcro3sy,attitudes religieuses
tm-2vmkezkb,tigresse,tm-es22d6su,animaux
tm-2vntltsv,cardamome,tm-dgunamb6,végétaux
tm-2vrdkjdj,sainte Claire,tm-wnsvi7uz,"apôtres, évangélistes, saints et saintes"
tm-2vzflzsk,saisie,tm-l4c6ncu5,relations entre personnage et objet
tm-2wni9wbc,saint Laurent et saint Vincent couronnés par le Christ,tm-yl47emxq,saints et saintes
tm-2x7j3qqn,firmament,tm-paifj62y,cosmos
tm-2y7hhu4n,septième sceau de l'Apocalypse : remise des trompettes,tm-dferfdbu,Bible
tm-2yg3sxab,Noé plantant la vigne,tm-dferfdbu,Bible
tm-2ysishyt,Trinité,tm-aww2uwsc,personnages divins ou surnaturels
tm-2yxgzs5v,arche d'alliance provoquant la chute de l'idole de Dagôn,tm-dferfdbu,Bible
tm-2zekaewj,sainte Ismérie,tm-wnsvi7uz,"apôtres, évangélistes, saints et saintes"
tm-2znc7guy,Thisbé,tm-chm6nfv2,personnages historiques litteraires et mythologiques
tm-33zaykh4,annonce de la naissance de Samson,tm-dferfdbu,Bible
tm-34hidiva,saint Savin et saint Cyprien montrant à Ladicius l'idole à terre,tm-yl47emxq,saints et saintes
tm-34kh2dvf,Habacuc transporté par l'ange,tm-dferfdbu,Bible
tm-36d6juwx,vocation de saint Pierre et saint André,tm-dferfdbu,Bible
tm-36qbbmh2,puissances (sujet),tm-dferfdbu,Bible
tm-37gukuc9,Rhétorique (personnifications et allégories),tm-6vzkr8da,personnifications et allégories
tm-37lzc4pg,saint Gordien,tm-wnsvi7uz,"apôtres, évangélistes, saints et saintes"
tm-3apyajir,saint Matthieu,tm-wnsvi7uz,"apôtres, évangélistes, saints et saintes"
tm-3auebscx,saint Saturnin,tm-wnsvi7uz,"apôtres, évangélistes, saints et saintes"
tm-3axmqq3f,sommeil,tm-sjsrgabv,vie corporelle
tm-3aygyti4,châtiment de la paresse,tm-qhhmbog9,vertus et vices (sujets)
tm-3bah7m4l,empalement,tm-twr3g7gr,peines corporelles et chatiments
tm-3btedt8z,saint Louis,tm-wnsvi7uz,"apôtres, évangélistes, saints et saintes"
tm-3buxmbdq,Stéphaton,tm-ka9s5rfg,personnages du Nouveau Testament
tm-3cwztnof,rencontre de Jephté et de sa fille,tm-dferfdbu,Bible
tm-3cxxqv3w,roi d'Angleterre,tm-kdmndh48,catégories sociales et peuples
tm-3czmb5za,Vierge en gloire entourée d'anges,tm-dferfdbu,Bible
tm-3dmioqgk,reine de France,tm-kdmndh48,catégories sociales et peuples
tm-3eakvlf3,Ézéchiel coupant sa barbe et ses cheveux,tm-dferfdbu,Bible
tm-3fairbju,saint Eusèbe de Crémone,tm-wnsvi7uz,"apôtres, évangélistes, saints et saintes"
tm-3favd5hv,sénévé,tm-dgunamb6,végétaux
tm-3ftivymv,ange déversant la troisième coupe de l'Apocalypse,tm-dferfdbu,Bible
tm-3gb7g9ys,jouet,tm-cbnhsoso,jeux
tm-3gndnbss,constellation-aigle,tm-paifj62y,cosmos
tm-3gxht9rm,poisson-mulet,tm-es22d6su,animaux
tm-3hrg82bk,strangulation,tm-twr3g7gr,peines corporelles et chatiments
tm-3is5kfwc,iérubule,tm-dgunamb6,végétaux
tm-3izqj8vs,saint Denis,tm-wnsvi7uz,"apôtres, évangélistes, saints et saintes"
tm-3j6skmmh,pinne marine,tm-es22d6su,animaux
tm-3jeebfhf,testament,tm-akjcakin,"dons, échanges et mesures"
tm-3jv6cemc,annonce,tm-952iiyye,parole (thèmes)
tm-3kaurvkz,bœuf,tm-es22d6su,animaux
tm-3kczc5ye,pierre,tm-voqsjov6,substances naturelles
tm-3kiuk3sx,saint François,tm-wnsvi7uz,"apôtres, évangélistes, saints et saintes"
tm-3kn3vbga,grillon,tm-es22d6su,animaux
tm-3koyy86t,scribe,tm-kdmndh48,catégories sociales et peuples
tm-3kvmnef3,Christ ressuscitant le fils de la veuve,tm-dferfdbu,Bible
tm-3kyrzbzo,primevère officinale,tm-dgunamb6,végétaux
tm-3kzukhek,coupe (découpe),tm-l4c6ncu5,relations entre personnage et objet
tm-3lqx79ek,anthropophagie,tm-rqhbyapw,alimentation
tm-3mtnqbfw,bûcher (substances naturelles),tm-voqsjov6,substances naturelles
tm-3nyp6xhe,élévation,tm-qaccoaqf,sacrements et rituels
tm-3pom4nkw,ambre gris,tm-voqsjov6,substances naturelles
tm-3puuk37w,miracle,tm-h4mihrdw,divin et surnaturel
tm-3qdycw5m,sel,tm-voqsjov6,substances naturelles
tm-3qhxrzwt,escargot,tm-es22d6su,animaux
tm-3qkvpwui,sainte Radegonde guérissant Goda,tm-yl47emxq,saints et saintes
tm-3r3s7buw,tente,tm-boubjbok,"tissus, parures et accessoires"
tm-3rgqvh52,prise d'Aï,tm-dferfdbu,Bible
tm-3s8r7cwt,laitue sauvage,tm-dgunamb6,végétaux
tm-3scxxi86,ascension,tm-hmgjebc8,déplacements
tm-3sesns33,bryone,tm-dgunamb6,végétaux
tm-3snyfxvt,bêchage de la terre,tm-t4ksxzbv,"agriculture, artisanat et commerce, vie quotidienne, calendrier"
tm-3stc2xrs,Esther,tm-8dvxtncr,personnages de l'Ancien Testament
tm-3syavyvc,âne sauvage,tm-es22d6su,animaux
tm-3tmpspdf,ange jetant une meule dans la mer,tm-dferfdbu,Bible
tm-3tzvb5bx,sacrifice,tm-qaccoaqf,sacrements et rituels
tm-3uiwnuep,Joseph et ses parents,tm-dferfdbu,Bible
tm-3ursbqhe,Philippe III le Hardi,tm-chm6nfv2,personnages historiques litteraires et mythologiques
tm-3vazyzzg,animaux fantastiques affrontés,tm-4cuzvu8k,"homme, animal, nature"
tm-3vvj66op,anges juxtaposés,tm-dferfdbu,Bible
tm-3xbbz5yj,lion couché,tm-4cuzvu8k,"homme, animal, nature"
tm-3xdme6mp,laitue-scarole,tm-dgunamb6,végétaux
tm-3xgzxddc,Érato,tm-chm6nfv2,personnages historiques litteraires et mythologiques
tm-3xsjfgnd,Théodose Ier le Grand,tm-chm6nfv2,personnages historiques litteraires et mythologiques
tm-3xulrjj4,Salomon offrant un sacrifice,tm-dferfdbu,Bible
tm-3ybgyqaa,tête fantastique crachant ou avalant,tm-pqk44ebu,personnages
tm-3yfnkyex,triton,tm-es22d6su,animaux
tm-3yixhvxy,crocodile,tm-es22d6su,animaux
tm-3yrtnweo,repos du créateur,tm-dferfdbu,Bible
tm-3yxvrcld,Nausicaa,tm-chm6nfv2,personnages historiques litteraires et mythologiques
tm-3zjvwprw,parabole de l'invité indigne,tm-dferfdbu,Bible
tm-3zusjn7x,Lot,tm-8dvxtncr,personnages de l'Ancien Testament
tm-3zyjezq5,construction du Temple,tm-dferfdbu,Bible
tm-42xvw9vf,zibeline,tm-es22d6su,animaux
tm-43nkeriq,châtiment,tm-twr3g7gr,peines corporelles et chatiments
tm-43udj4c9,Noémi pleurant la mort de ses deux fils,tm-dferfdbu,Bible
tm-44tchgzn,ange déversant la cinquième coupe de l'Apocalypse,tm-dferfdbu,Bible
tm-452nz6hi,empereur romain,tm-kdmndh48,catégories sociales et peuples
tm-45ugdotw,saisons,tm-k7prxdpw,temps
tm-46povbfr,clématite,tm-dgunamb6,végétaux
tm-46vpxk7j,psaume 1 : David et quatre musiciens,tm-dferfdbu,Bible
tm-47kcd4ac,"tonte (agriculture, artisanat et commerce, vie quotidienne, calendrier)",tm-t4ksxzbv,"agriculture, artisanat et commerce, vie quotidienne, calendrier"
tm-47mzyjde,assemblée,tm-juhs4qki,pouvoir (thèmes)
tm-47pji73j,Tristesse,tm-6vzkr8da,personnifications et allégories
tm-47sxkw7x,lavement des mains,tm-gtia7dmq,soins du corps et maladies
tm-48fnf2gb,Aman,tm-8dvxtncr,personnages de l'Ancien Testament
tm-49byz76p,Joseph visitant l'Égypte,tm-dferfdbu,Bible
tm-49c7ddh9,aloès,tm-dgunamb6,végétaux
tm-49tkbdgd,mariage d'Esther et d'Assuérus,tm-dferfdbu,Bible
tm-49ynowhj,griffons assis,tm-4cuzvu8k,"homme, animal, nature"
tm-49zabkhk,échange,tm-akjcakin,"dons, échanges et mesures"
tm-4a7uh6qs,casque,tm-smvsgy3q,armes
tm-4aiukypx,datte,tm-dgunamb6,végétaux
tm-4ajlkedn,odorat,tm-sjsrgabv,vie corporelle
tm-4atvnxc5,serre,tm-es22d6su,animaux
tm-4cwcjdbv,monstre,tm-xd3qz4bt,personnages fantastiques et monstres
tm-4cwupdjz,malade (personnages),tm-pqk44ebu,personnages
tm-4czerkzp,animal terrestre assis,tm-4cuzvu8k,"homme, animal, nature"
tm-4dypwgzm,Philémon,tm-ka9s5rfg,personnages du Nouveau Testament
tm-4enevgjj,tonnellerie,tm-yvy9sjme,activités artisanales
tm-4erwpdzm,Moloch,tm-dferfdbu,Bible
tm-4ff8ku6c,scène de théâtre,tm-nh4p7ibg,arts et savoirs
tm-4fsrc9by,ange d'Éphèse,tm-dferfdbu,Bible
tm-4g8f6x2f,voyage des mages,tm-dferfdbu,Bible
tm-4gfsrnzu,animal terrestre et oiseau,tm-4cuzvu8k,"homme, animal, nature"
tm-4gm9kru8,oiseaux superposés,tm-4cuzvu8k,"homme, animal, nature"
tm-4gof9rjh,scène de danse,tm-nh4p7ibg,arts et savoirs
tm-4gx4men5,astronome,tm-kdmndh48,catégories sociales et peuples
tm-4h9wiua2,Christ en gloire tenant la croix,tm-dferfdbu,Bible
tm-4hqrylcb,lion dévorant,tm-4cuzvu8k,"homme, animal, nature"
tm-4i6tpwwx,vice,tm-mxk5b5af,vertus et vices (thèmes)
tm-4ivozm4d,piloselle,tm-dgunamb6,végétaux
tm-4j8dnl5w,Hasdrubal,tm-chm6nfv2,personnages historiques litteraires et mythologiques
tm-4jjby7aa,oiseau se lissant les ailes,tm-4cuzvu8k,"homme, animal, nature"
tm-4jnsrwze,personnage barbu et moustachu,tm-pqk44ebu,personnages
tm-4jwrkf8b,sainte Clotilde,tm-wnsvi7uz,"apôtres, évangélistes, saints et saintes"
tm-4jyoccun,Mikal et le simulacre placé dans le lit de David,tm-dferfdbu,Bible
tm-4kms3fck,transfiguration du Christ,tm-dferfdbu,Bible
tm-4mpugsew,consécration,tm-qaccoaqf,sacrements et rituels
tm-4muycfwq,laine (substance naturelle),tm-voqsjov6,substances naturelles
tm-4myuqnh9,Benjamin,tm-8dvxtncr,personnages de l'Ancien Testament
tm-4mzuvree,Diaduménien,tm-chm6nfv2,personnages historiques litteraires et mythologiques
tm-4n9dhqcc,Golgotha,tm-codyk7ew,lieux
tm-4nhbkkwg,patte,tm-xz4pq72a,corps humain et animal
tm-4njz2qc6,Eüphémis,tm-chm6nfv2,personnages historiques litteraires et mythologiques
tm-4nnpnvsv,Jacob bénissant ses douze fils,tm-dferfdbu,Bible
tm-4nr59j6z,promesse,tm-5ghnfhtz,relations entre personnages
tm-4ns7rt97,Asher,tm-8dvxtncr,personnages de l'Ancien Testament
tm-4ntpg6tr,caresse,tm-ru4qcmye,sentiments et sexualite
tm-4o8avdba,saint Sérapion,tm-wnsvi7uz,"apôtres, évangélistes, saints et saintes"
tm-4pk33pw5,visitation,tm-dferfdbu,Bible
tm-4pmzruvx,songe des mages,tm-dferfdbu,Bible
tm-4q47xvrb,Vierge à l'enfant trônant,tm-dferfdbu,Bible
tm-4qrugird,lunesche,tm-dgunamb6,végétaux
tm-4qv83zni,Jaïre,tm-ka9s5rfg,personnages du Nouveau Testament
tm-4r2z76yx,rosier,tm-dgunamb6,végétaux
tm-4rgboybd,ange thuriféraire,tm-dferfdbu,Bible
tm-4rumofsz,rencontre d'Isaac et Rébecca,tm-dferfdbu,Bible
tm-4rxexrxt,Joseph retenant Benjamin,tm-dferfdbu,Bible
tm-4s7lfjvr,sainte Fercincte,tm-wnsvi7uz,"apôtres, évangélistes, saints et saintes"
tm-4sgatl2w,hérétique,tm-gie9c6et,clercs et statuts religieux
tm-4sgiq5ta,prêtres de Baal adorant leur dieu,tm-dferfdbu,Bible
tm-4slz93mh,Caracalla,tm-chm6nfv2,personnages historiques litteraires et mythologiques
tm-4spmjzva,Balthazar voyant une main inscrire l'annonce de sa mort,tm-dferfdbu,Bible
tm-4staw7gl,antipape,tm-gie9c6et,clercs et statuts religieux
tm-4tbz6zns,alouette,tm-es22d6su,animaux
tm-4tv8zopm,évanouissement,tm-sjsrgabv,vie corporelle
tm-4uoz3zkr,ascension d'Élie,tm-dferfdbu,Bible
tm-4v7quycz,Sirach,tm-8dvxtncr,personnages de l'Ancien Testament
tm-4vajpfxn,Vénus,tm-chm6nfv2,personnages historiques litteraires et mythologiques
tm-4vdm8h4n,évangélistes-4 zoomorphes et anges,tm-pqk44ebu,personnages
tm-4vh2twju,Aldebrandin de Sienne,tm-chm6nfv2,personnages historiques litteraires et mythologiques
tm-4vlxbqem,acéphale,tm-xd3qz4bt,personnages fantastiques et monstres
tm-4vlzrw68,saint Jean et les sept Églises,tm-dferfdbu,Bible
tm-4vqti4pb,ange de Laodicée,tm-dferfdbu,Bible
tm-4wbvbdm7,sainte Radegonde sauvant Floreius de la tempête,tm-yl47emxq,saints et saintes
tm-4wchewvu,mariage de Mikal et Paltiel célébré par Saül,tm-dferfdbu,Bible
tm-4wobnvdj,Darius Ier,tm-chm6nfv2,personnages historiques litteraires et mythologiques
tm-4wq2tuja,Phocas,tm-chm6nfv2,personnages historiques litteraires et mythologiques
tm-4x4nniws,sang-dragon,tm-dgunamb6,végétaux
tm-4xqdhtpk,saint Pierre l'exorciste,tm-wnsvi7uz,"apôtres, évangélistes, saints et saintes"
tm-4xs5gdsx,Christ guérissant la belle-mère de saint Pierre,tm-dferfdbu,Bible
tm-4xuqyrpd,pistache,tm-dgunamb6,végétaux
tm-4xwiou63,Josué et les Hébreux,tm-dferfdbu,Bible
tm-4xxwfoco,incrédulité de saint Thomas,tm-dferfdbu,Bible
tm-4xyu72sf,sainte Famille revenant à Nazareth,tm-dferfdbu,Bible
tm-4yej7vh6,Jephté,tm-8dvxtncr,personnages de l'Ancien Testament
tm-4ynpzu3d,engoulevent,tm-es22d6su,animaux
tm-52by7jht,personnage sous arcade,tm-pqk44ebu,personnages
tm-53zhbojl,Moïse faisant jaillir une source,tm-dferfdbu,Bible
tm-54ta2ywh,zodiaque-lion,tm-paifj62y,cosmos
tm-55obe2v9,sainte Foy comparaissant devant Dacien,tm-yl47emxq,saints et saintes
tm-55xy7qbo,orque,tm-es22d6su,animaux
tm-56ayv28j,Conrad II le Salique,tm-chm6nfv2,personnages historiques litteraires et mythologiques
tm-56oueyvp,Église et Synagogue,tm-pqk44ebu,personnages
tm-57ewpq6e,Christ en gloire tenant le livre,tm-dferfdbu,Bible
tm-57k3cc22,potence,tm-9xdig6kt,outils et instruments divers
tm-57ts9mxx,saint Florent de Saumur,tm-wnsvi7uz,"apôtres, évangélistes, saints et saintes"
tm-58c7rbhg,stigmate,tm-xz4pq72a,corps humain et animal
tm-58tub6mj,arum,tm-dgunamb6,végétaux
tm-59lgwa9m,chien,tm-es22d6su,animaux
tm-59thfn9l,saint Paul sur le chemin de Damas,tm-yl47emxq,saints et saintes
tm-5adgngxc,Judas,tm-wnsvi7uz,"apôtres, évangélistes, saints et saintes"
tm-5bpqktou,fil,tm-boubjbok,"tissus, parures et accessoires"
tm-5bqsj7ip,Vierge tissant le rideau du temple,tm-dferfdbu,Bible
tm-5c7ewzwj,haubert,tm-smvsgy3q,armes
tm-5cavysqy,vision de Zacharie : le chandelier à sept branches,tm-dferfdbu,Bible
tm-5crxzpyf,Nicodème,tm-ka9s5rfg,personnages du Nouveau Testament
tm-5dmlupxd,moly,tm-dgunamb6,végétaux
tm-5dputu2a,Roland,tm-chm6nfv2,personnages historiques litteraires et mythologiques
tm-5f2s36gq,tentation,tm-h4mihrdw,divin et surnaturel
tm-5fiicb7t,Palamède,tm-chm6nfv2,personnages historiques litteraires et mythologiques
tm-5fk8xcep,Peur (personnifications et allégories),tm-6vzkr8da,personnifications et allégories
tm-5fmwq8sy,silène enflé,tm-dgunamb6,végétaux
tm-5fqybabk,sainte Scholastique,tm-wnsvi7uz,"apôtres, évangélistes, saints et saintes"
tm-5gbulasw,Clovis II,tm-chm6nfv2,personnages historiques litteraires et mythologiques
tm-5ghkkn7c,Henri Ier l'Oiseleur,tm-chm6nfv2,personnages historiques litteraires et mythologiques
tm-5gjvpmms,Patrocle,tm-chm6nfv2,personnages historiques litteraires et mythologiques
tm-5gmtmggb,Abishag,tm-8dvxtncr,personnages de l'Ancien Testament
tm-5gpvj6dc,dent,tm-xz4pq72a,corps humain et animal
tm-5gt6qh7w,framboise,tm-dgunamb6,végétaux
tm-5gwgxh64,sirène-oiseau,tm-es22d6su,animaux
tm-5hvwegr7,verge fleurie d'Aaron,tm-dferfdbu,Bible
tm-5hzxaef5,doronic,tm-dgunamb6,végétaux
tm-5iperdwq,Christ au désert,tm-dferfdbu,Bible
tm-5ivdhi8k,clochettes,tm-adjk7xgi,instruments de musique
tm-5jg8hsea,chou,tm-dgunamb6,végétaux
tm-5k7jsvqx,cavalier,tm-kdmndh48,catégories sociales et peuples
tm-5l4dcc7j,ange déversant la sixième coupe de l'Apocalypse,tm-dferfdbu,Bible
tm-5mq5jtom,Dacien,tm-chm6nfv2,personnages historiques litteraires et mythologiques
tm-5mxcoi33,folie de Nabuchodonosor,tm-dferfdbu,Bible
tm-5ndjmfk5,bourrache,tm-dgunamb6,végétaux
tm-5nmticmy,Clio,tm-chm6nfv2,personnages historiques litteraires et mythologiques
tm-5nopiefx,coupe (de cheveux),tm-gtia7dmq,soins du corps et maladies
tm-5nszijl6,flagellant,tm-gie9c6et,clercs et statuts religieux
tm-5nxfmzqw,vertus (sujet),tm-dferfdbu,Bible
tm-5odpjptc,scène de tentation,tm-rfcju69x,"scènes liturgiques, rituelles et vie religieuse"
tm-5os6cdzk,chrisme,tm-e37knvgu,insignes
tm-5qfwotwg,boucherie,tm-yvy9sjme,activités artisanales
tm-5qhzwcxt,fin du déluge universel,tm-dferfdbu,Bible
tm-5rf4onhx,combat entre les Hébreux et les habitants d'Aï,tm-dferfdbu,Bible
tm-5rk3qhgz,Baudonivie,tm-chm6nfv2,personnages historiques litteraires et mythologiques
tm-5s2rrawb,trèfle,tm-dgunamb6,végétaux
tm-5s86xi47,Moïse sauvé des eaux,tm-dferfdbu,Bible
tm-5sncsgxp,obéissance,tm-mxk5b5af,vertus et vices (thèmes)
tm-5ssony3o,Burkhard Nellenburg,tm-chm6nfv2,personnages historiques litteraires et mythologiques
tm-5t7ecppr,pâquerette,tm-dgunamb6,végétaux
tm-5tzu56hh,saint Thomas d'Aquin,tm-wnsvi7uz,"apôtres, évangélistes, saints et saintes"
tm-5ufnyj65,Eli,tm-8dvxtncr,personnages de l'Ancien Testament
tm-5umcqlbo,daurade,tm-es22d6su,animaux
tm-5uq92ncc,Henri III le Noir,tm-chm6nfv2,personnages historiques litteraires et mythologiques
tm-5uqcm8ev,serpent-sirène,tm-es22d6su,animaux
tm-5uvbj4st,sauge sclarée,tm-dgunamb6,végétaux
tm-5vghyucs,architecture,tm-dtfhjmhe,éléments d'architecture
tm-5vuzcmut,poule,tm-es22d6su,animaux
tm-5wdym9x3,Amphipolis,tm-codyk7ew,lieux
tm-5wewu4o5,sacristain,tm-gie9c6et,clercs et statuts religieux
tm-5xjmovwd,Vierge à l'enfant,tm-dferfdbu,Bible
tm-5ydnrnem,gattilier,tm-dgunamb6,végétaux
tm-5zjqppzz,animal terrestre crachant ou avalant,tm-4cuzvu8k,"homme, animal, nature"
tm-62bcxe3t,pastel,tm-dgunamb6,végétaux
tm-62uxp3sk,saint Côme,tm-wnsvi7uz,"apôtres, évangélistes, saints et saintes"
tm-63yf9fk8,mer Noire,tm-codyk7ew,lieux
tm-64nanm9z,frères de Joseph,tm-8dvxtncr,personnages de l'Ancien Testament
tm-64qq9qpq,Hadrien,tm-chm6nfv2,personnages historiques litteraires et mythologiques
tm-65qfp3ig,herbe judaïque,tm-dgunamb6,végétaux
tm-66fhh79g,coquillage,tm-es22d6su,animaux
tm-67f3mg3l,Égial,tm-chm6nfv2,personnages historiques litteraires et mythologiques
tm-68v9gqej,église-intérieure,tm-dtfhjmhe,éléments d'architecture
tm-6abhlhga,esclave,tm-kdmndh48,catégories sociales et peuples
tm-6bcakb5v,roi de Judée,tm-kdmndh48,catégories sociales et peuples
tm-6bgkyjc2,vieillard,tm-clb8u2vx,état du corps et de l'être
tm-6bpabj7x,saint Zacharie encensant le temple,tm-dferfdbu,Bible
tm-6bsb7qrn,sainte Radegonde versant de l'huile sur la tête d'Animia,tm-yl47emxq,saints et saintes
tm-6bzsx2zk,œuvres de miséricorde,tm-mxk5b5af,vertus et vices (thèmes)
tm-6d86vxsf,vision de Zacharie : les quatre chars,tm-dferfdbu,Bible
tm-6de3yw3m,ordination,tm-qaccoaqf,sacrements et rituels
tm-6dqqjsez,aigle,tm-es22d6su,animaux
tm-6drow9jn,blatte de Byzance,tm-voqsjov6,substances naturelles
tm-6drqp5ul,Gédéon détruisant l'autel de Baal,tm-dferfdbu,Bible
tm-6e2phb7g,sainte Thècle,tm-wnsvi7uz,"apôtres, évangélistes, saints et saintes"
tm-6ebcmyll,châtiment de l'avarice,tm-qhhmbog9,vertus et vices (sujets)
tm-6enkkejo,langue d'oiseau,tm-dgunamb6,végétaux
tm-6evgbajm,Christ guérissant le serviteur du centurion,tm-dferfdbu,Bible
tm-6eze5uva,Martianus Capella,tm-chm6nfv2,personnages historiques litteraires et mythologiques
tm-6fa63hni,Emmaüs,tm-codyk7ew,lieux
tm-6fuv2ymd,poule sultane,tm-es22d6su,animaux
tm-6hky3xqz,Chantecler,tm-chm6nfv2,personnages historiques litteraires et mythologiques
tm-6hs7yxyf,lion anthropocéphale,tm-4cuzvu8k,"homme, animal, nature"
tm-6htyffpp,mouton,tm-es22d6su,animaux
tm-6ijyu2sm,sodomites aveuglés,tm-dferfdbu,Bible
tm-6iqapxtb,tour de Babel (sujet),tm-dferfdbu,Bible
tm-6ix4awwp,princesse,tm-kdmndh48,catégories sociales et peuples
tm-6jfbogqc,cistercien,tm-gie9c6et,clercs et statuts religieux
tm-6kdue7cy,vielle,tm-adjk7xgi,instruments de musique
tm-6kivvm4c,peigne,tm-hnxe45cj,objets domestiques
tm-6kxh2djb,Jézabel,tm-8dvxtncr,personnages de l'Ancien Testament
tm-6lz4qnes,herse,tm-9xdig6kt,outils et instruments divers
tm-6m58szyh,épouse,tm-clb8u2vx,état du corps et de l'être
tm-6m8nrco5,nudité,tm-sjsrgabv,vie corporelle
tm-6mfct2b8,Psyché,tm-chm6nfv2,personnages historiques litteraires et mythologiques
tm-6mma2z64,Caïphe,tm-ka9s5rfg,personnages du Nouveau Testament
tm-6mygoc5b,Élisée,tm-8dvxtncr,personnages de l'Ancien Testament
tm-6ndyhze8,désert,tm-rjrpwa7c,éléments du paysage
tm-6njpgskc,mois,tm-k7prxdpw,temps
tm-6nqxszjv,archange,tm-aww2uwsc,personnages divins ou surnaturels
tm-6pbjxilu,feu,tm-nvexrnma,éléments naturels et intempéries
tm-6pdnxqjm,"glandée (agriculture, artisanat et commerce, vie quotidienne, calendrier)",tm-t4ksxzbv,"agriculture, artisanat et commerce, vie quotidienne, calendrier"
tm-6ptkaynj,libération,tm-qmpqymzm,justice (thèmes)
tm-6pyaajeq,scène de lecture,tm-nh4p7ibg,arts et savoirs
tm-6qkopscu,sphinx,tm-es22d6su,animaux
tm-6qsa64rd,surdité,tm-gtia7dmq,soins du corps et maladies
tm-6r6ffasx,myrrhe,tm-voqsjov6,substances naturelles
tm-6raxmenr,Romulus,tm-chm6nfv2,personnages historiques litteraires et mythologiques
tm-6rejnt8s,Gédéon,tm-8dvxtncr,personnages de l'Ancien Testament
tm-6rgufywk,scènes rituelles,tm-rfcju69x,"scènes liturgiques, rituelles et vie religieuse"
tm-6s5yzbfu,Cicéron,tm-chm6nfv2,personnages historiques litteraires et mythologiques
tm-6s8dmkhv,Caïn,tm-8dvxtncr,personnages de l'Ancien Testament
tm-6sasmtwe,hallebarde,tm-smvsgy3q,armes
tm-6sfwxytt,chemin,tm-rjrpwa7c,éléments du paysage
tm-6ti2u77d,prophétie de Sophonie devant la porte des poissons,tm-dferfdbu,Bible
tm-6tprpg7l,corneille,tm-es22d6su,animaux
tm-6txlrdz9,psaume 53 : fou devant David,tm-dferfdbu,Bible
tm-6u6wwwq9,clé,tm-9xdig6kt,outils et instruments divers
tm-6utgjyks,roi de France,tm-kdmndh48,catégories sociales et peuples
tm-6uzmpebm,combat de Saül et des Philistins,tm-dferfdbu,Bible
tm-6v4cwd8i,bateau,tm-qhsmnjeu,moyens de transport
tm-6v5gyfrj,sainte Radegonde guérissant une moniale aveugle,tm-yl47emxq,saints et saintes
tm-6vklquup,cheveux,tm-xz4pq72a,corps humain et animal
tm-6vmjskds,Sagesse (personnage de l'Ancien Testament),tm-8dvxtncr,personnages de l'Ancien Testament
tm-6w3vg8sk,étoile de mer,tm-es22d6su,animaux
tm-6whmakup,force,tm-mxk5b5af,vertus et vices (thèmes)
tm-6x5rg9rn,noces de Cana,tm-dferfdbu,Bible
tm-6xfensro,apparition du Christ aux apôtres,tm-dferfdbu,Bible
tm-6xgzx8tx,vin,tm-b9hasrrk,aliments
tm-6ynfsnnf,tapis,tm-boubjbok,"tissus, parures et accessoires"
tm-6z3yojyq,saint Pierre dans une gloire,tm-yl47emxq,saints et saintes
tm-6zd4idxk,saint Pierre délivré par un ange,tm-yl47emxq,saints et saintes
tm-6zedxgo8,oreille,tm-xz4pq72a,corps humain et animal
tm-6zovluwg,chardon roland,tm-dgunamb6,végétaux
tm-73dgafhn,Élie prédisant la mort d'Ochozias,tm-dferfdbu,Bible
tm-73k3i48e,inceste de Lot et de ses filles,tm-dferfdbu,Bible
tm-73rwd7tt,"décan Ier (homme, animal, nature)",tm-4cuzvu8k,"homme, animal, nature"
tm-74bqai4h,bain de Bethsabée,tm-dferfdbu,Bible
tm-74mybxqv,rencontre de Jacob et Esaü,tm-dferfdbu,Bible
tm-75ykma72,lion assis,tm-4cuzvu8k,"homme, animal, nature"
tm-77fuu38c,incrédulité,tm-pxcro3sy,attitudes religieuses
tm-79hdsjl7,moine,tm-gie9c6et,clercs et statuts religieux
tm-79v9wvad,pesée,tm-akjcakin,"dons, échanges et mesures"
tm-7advce4a,cierge,tm-xvaw7udz,luminaires
tm-7amuj3uk,saint Jean mangeant le livre,tm-dferfdbu,Bible
tm-7autcna3,refus,tm-5ghnfhtz,relations entre personnages
tm-7axvtrsz,serviteur,tm-kdmndh48,catégories sociales et peuples
tm-7cepwpbx,Putiphar,tm-8dvxtncr,personnages de l'Ancien Testament
tm-7clcp8dk,lin,tm-dgunamb6,végétaux
tm-7cydhehh,maquette,tm-njgn49nx,images
tm-7digi8ww,grain,tm-dgunamb6,végétaux
tm-7e4p9cts,artisanat,tm-yvy9sjme,activités artisanales
tm-7frm9s7g,boire,tm-rqhbyapw,alimentation
tm-7gad8wbc,Polibotès,tm-chm6nfv2,personnages historiques litteraires et mythologiques
tm-7gdozs5b,aliment,tm-b9hasrrk,aliments
tm-7gfaxemg,saint Médard,tm-wnsvi7uz,"apôtres, évangélistes, saints et saintes"
tm-7gskhvj6,massacre,tm-yknzerjb,conflit (thèmes)
tm-7gypjniq,Baudoin Ier,tm-chm6nfv2,personnages historiques litteraires et mythologiques
tm-7hgtrhbn,concombre,tm-dgunamb6,végétaux
tm-7hhwdakq,lamentations de Mardochée,tm-dferfdbu,Bible
tm-7hj96kxd,canon,tm-smvsgy3q,armes
tm-7hkxjhwy,Osée,tm-8dvxtncr,personnages de l'Ancien Testament
tm-7hum83up,anthères de la rose,tm-dgunamb6,végétaux
tm-7hywljpa,exhibition,tm-l4c6ncu5,relations entre personnage et objet
tm-7isaabm9,Baudoin III,tm-chm6nfv2,personnages historiques litteraires et mythologiques
tm-7j3iuqfy,infirme (personnages),tm-pqk44ebu,personnages
tm-7jk54ia5,Pégase,tm-chm6nfv2,personnages historiques litteraires et mythologiques
tm-7jzui6ew,reddition,tm-yknzerjb,conflit (thèmes)
tm-7kvo2rfk,élection,tm-juhs4qki,pouvoir (thèmes)
tm-7mcj4yxg,Œdipe,tm-chm6nfv2,personnages historiques litteraires et mythologiques
tm-7mhxread,meunerie,tm-yvy9sjme,activités artisanales
tm-7mivda6e,noix de muscade,tm-dgunamb6,végétaux
tm-7myenwmy,sciapode,tm-xd3qz4bt,personnages fantastiques et monstres
tm-7n939ypc,fuite de Jacob,tm-dferfdbu,Bible
tm-7nclujas,acrobatie,tm-n4nxt6at,activités sociales et festives
tm-7nfzw2bp,hippopode,tm-es22d6su,animaux
tm-7nkq9t3r,capillaire noir,tm-dgunamb6,végétaux
tm-7nx8yjiu,miel,tm-voqsjov6,substances naturelles
tm-7nzavbex,saint Jean écrivant à l'église de Philadelphie,tm-dferfdbu,Bible
tm-7pcemhvf,gouffre,tm-rjrpwa7c,éléments du paysage
tm-7qal9wnf,tissu,tm-boubjbok,"tissus, parures et accessoires"
tm-7qbqnf6a,filet,tm-uyvtjqdl,objets liés à l'animal
tm-7qe7ytbb,sainte Paule,tm-wnsvi7uz,"apôtres, évangélistes, saints et saintes"
tm-7qpqayra,saint Sernin de Toulouse,tm-wnsvi7uz,"apôtres, évangélistes, saints et saintes"
tm-7re7htbt,veau d'or,tm-njgn49nx,images
tm-7rgib6x2,David vainqueur de Goliath,tm-dferfdbu,Bible
tm-7rmgbyax,fille de Jephté,tm-8dvxtncr,personnages de l'Ancien Testament
tm-7rqbvjvf,Christ trônant entouré d'apôtres,tm-dferfdbu,Bible
tm-7schjv64,globe,tm-e37knvgu,insignes
tm-7scx5zmd,sauterelle,tm-es22d6su,animaux
tm-7sgywk2j,marrube,tm-dgunamb6,végétaux
tm-7ths9rtk,espadon,tm-es22d6su,animaux
tm-7uakebbj,Nemrod,tm-8dvxtncr,personnages de l'Ancien Testament
tm-7un94cb9,cornichon,tm-dgunamb6,végétaux
tm-7unbvhth,sainte Radegonde apparaissant en songe à Animia mourante,tm-yl47emxq,saints et saintes
tm-7vezukpg,perte,tm-l4c6ncu5,relations entre personnage et objet
tm-7vfxca2l,caladre,tm-es22d6su,animaux
tm-7vjymwfu,zodiaque-vierge,tm-paifj62y,cosmos
tm-7vtatr6n,marteau,tm-9xdig6kt,outils et instruments divers
tm-7vxqehgi,Église (personnifications et allégories),tm-6vzkr8da,personnifications et allégories
tm-7wipsvw4,mer Morte,tm-codyk7ew,lieux
tm-7wut8fvk,Télémaque,tm-chm6nfv2,personnages historiques litteraires et mythologiques
tm-7wzspbne,salpêtre,tm-voqsjov6,substances naturelles
tm-7xstbjbw,éclipse,tm-UNK,événéments naturels
tm-7yiypfvv,éléphant,tm-es22d6su,animaux
tm-7ys2bh8w,peur,tm-ru4qcmye,sentiments et sexualite
tm-7z9fuldk,Magog,tm-8dvxtncr,personnages de l'Ancien Testament
tm-7zfr2qhh,moisson,tm-kgvsqwxd,activités rurales
tm-82jgnd53,charogne,tm-xz4pq72a,corps humain et animal
tm-83sewwqm,Myriam,tm-8dvxtncr,personnages de l'Ancien Testament
tm-85kszhc5,tempérance,tm-mxk5b5af,vertus et vices (thèmes)
tm-85pvjusa,saint Luc zoomorphe,tm-wnsvi7uz,"apôtres, évangélistes, saints et saintes"
tm-86cfzju9,scène de chant,tm-nh4p7ibg,arts et savoirs
tm-86kpsyfp,Athalie ordonnant le massacre des nouveaux-nés,tm-dferfdbu,Bible
tm-87an9pkp,géant,tm-xd3qz4bt,personnages fantastiques et monstres
tm-88nesjbd,Charles III le Gros,tm-chm6nfv2,personnages historiques litteraires et mythologiques
tm-8ae836qz,Dieu confiant la mission à l'ange,tm-dferfdbu,Bible
tm-8aigj3dk,humilité,tm-mxk5b5af,vertus et vices (thèmes)
tm-8aztklva,saint Vincent retrouvé et enseveli,tm-yl47emxq,saints et saintes
tm-8bu5jrbz,cuscute,tm-dgunamb6,végétaux
tm-8cmdbbjm,hostie,tm-ukd2sjju,objets liturgiques et funéraires
tm-8d5xul95,cannelle de Chine,tm-dgunamb6,végétaux
tm-8db6ypep,mille-pattes,tm-es22d6su,animaux
tm-8dj8jovr,mélisse,tm-dgunamb6,végétaux
tm-8dmkexbg,saint Louis de Toulouse,tm-wnsvi7uz,"apôtres, évangélistes, saints et saintes"
tm-8dnsotj7,scène de tournoi,tm-nh4p7ibg,arts et savoirs
tm-8drqfhff,barbare,tm-kdmndh48,catégories sociales et peuples
tm-8duvj9js,saint Lambert,tm-wnsvi7uz,"apôtres, évangélistes, saints et saintes"
tm-8ejhtweh,fistulaire,tm-dgunamb6,végétaux
tm-8ejzcbfo,mutisme,tm-gtia7dmq,soins du corps et maladies
tm-8ekbmv2b,centaurée chausse-trape,tm-dgunamb6,végétaux
tm-8fmcjrbr,armoise moyenne,tm-dgunamb6,végétaux
tm-8ge3kvey,grande aunée,tm-dgunamb6,végétaux
tm-8gfecl6e,noisette,tm-dgunamb6,végétaux
tm-8gjt8jno,collège apostolique,tm-pqk44ebu,personnages
tm-8h5dtqak,Samson déracinant un arbre,tm-dferfdbu,Bible
tm-8h6pbc8m,fénugrec,tm-dgunamb6,végétaux
tm-8hessi6j,irrigation,tm-kgvsqwxd,activités rurales
tm-8hfabpqg,Christ en croix,tm-dferfdbu,Bible
tm-8ix7jgkn,constellation-pégase,tm-paifj62y,cosmos
tm-8jhra4xc,morsure,tm-twr3g7gr,peines corporelles et chatiments
tm-8jmhtjxe,achillée millefeuille,tm-dgunamb6,végétaux
tm-8k9nhyff,Anténor,tm-chm6nfv2,personnages historiques litteraires et mythologiques
tm-8kr49xn5,saint Hilaire,tm-wnsvi7uz,"apôtres, évangélistes, saints et saintes"
tm-8m73ubyh,échinops,tm-dgunamb6,végétaux
tm-8mdaqdf9,Mérovée,tm-chm6nfv2,personnages historiques litteraires et mythologiques
tm-8mfatdrx,Judith exhibant la tête d'Holopherne,tm-dferfdbu,Bible
tm-8mi3hnux,repose-pieds,tm-kdmavf4s,meubles
tm-8nvubyfc,saint Laurent,tm-wnsvi7uz,"apôtres, évangélistes, saints et saintes"
tm-8oejwaxu,orgueil,tm-mxk5b5af,vertus et vices (thèmes)
tm-8oudwcvf,Enfer (sujet),tm-dferfdbu,Bible
tm-8ozyjfeq,foie,tm-xz4pq72a,corps humain et animal
tm-8pjndpin,Érigoné,tm-chm6nfv2,personnages historiques litteraires et mythologiques
tm-8pke6ulo,arma christi,tm-e37knvgu,insignes
tm-8pqoc42y,saint Georges combattant le dragon,tm-yl47emxq,saints et saintes
tm-8ps7xacw,Béranger Ier,tm-chm6nfv2,personnages historiques litteraires et mythologiques
tm-8reqxdnr,Élie séparant les eaux du Jourdain,tm-dferfdbu,Bible
tm-8rjjkfbk,oiseaux juxtaposés,tm-4cuzvu8k,"homme, animal, nature"
tm-8rthmzf2,puisage,tm-l4c6ncu5,relations entre personnage et objet
tm-8ruiwgvg,excrément,tm-xz4pq72a,corps humain et animal
tm-8ryuqsvv,Tite,tm-8dvxtncr,personnages de l'Ancien Testament
tm-8sfjsdea,Henri II le Saint,tm-chm6nfv2,personnages historiques litteraires et mythologiques
tm-8sidmzsg,Léon IV Chazare,tm-chm6nfv2,personnages historiques litteraires et mythologiques
tm-8sl9qnaa,tamis,tm-9xdig6kt,outils et instruments divers
tm-8sp9kptm,trahison,tm-5ghnfhtz,relations entre personnages
tm-8speykke,saint Dominique,tm-wnsvi7uz,"apôtres, évangélistes, saints et saintes"
tm-8sugfii2,roi des Francs,tm-kdmndh48,catégories sociales et peuples
tm-8tjssa36,chou laineux,tm-dgunamb6,végétaux
tm-8u7m8gxt,chaux-vive,tm-voqsjov6,substances naturelles
tm-8ub6uctm,Jacques de Voragine,tm-chm6nfv2,personnages historiques litteraires et mythologiques
tm-8v3kgckt,Adolphe de Nassau,tm-chm6nfv2,personnages historiques litteraires et mythologiques
tm-8v4yecyx,fenêtre,tm-dtfhjmhe,éléments d'architecture
tm-8vhdwgkv,épurge,tm-dgunamb6,végétaux
tm-8wjhrpf2,personnage et animal combattant,tm-pqk44ebu,personnages
tm-8wrkhex2,creusement,tm-kgvsqwxd,activités rurales
tm-8wzhnyzg,salutation,tm-5ghnfhtz,relations entre personnages
tm-8x7wp78c,arbre de vie,tm-dgunamb6,végétaux
tm-8xpcgfrz,abreuvoir,tm-xhaodmx4,récipients et contenants
tm-8xz6kjfq,Andromaque,tm-chm6nfv2,personnages historiques litteraires et mythologiques
tm-8y6jf2zm,Néhémie prêchant,tm-dferfdbu,Bible
tm-8yuuvtaf,Eüforbius,tm-chm6nfv2,personnages historiques litteraires et mythologiques
tm-8zfuubny,Joseph,tm-8dvxtncr,personnages de l'Ancien Testament
tm-8zpl3jzf,vierge sage,tm-ka9s5rfg,personnages du Nouveau Testament
tm-8zuxeapz,Henri VII de Luxembourg,tm-chm6nfv2,personnages historiques litteraires et mythologiques
tm-8zyq8qe4,reproche,tm-952iiyye,parole (thèmes)
tm-92cpismn,vomissement,tm-gtia7dmq,soins du corps et maladies
tm-95cxkgzf,encens,tm-voqsjov6,substances naturelles
tm-95xqmtvb,portement,tm-l4c6ncu5,relations entre personnage et objet
tm-96avb38t,Abraham renvoyant Agar et Ismaël,tm-dferfdbu,Bible
tm-96f9cxnl,Eusèbe Ier,tm-chm6nfv2,personnages historiques litteraires et mythologiques
tm-9787lyfe,Natan,tm-8dvxtncr,personnages de l'Ancien Testament
tm-97nmcjou,maison,tm-dtfhjmhe,éléments d'architecture
tm-97rwyhph,"zodiaque-vierge (homme, animal, nature)",tm-4cuzvu8k,"homme, animal, nature"
tm-98wsbrfx,rencontre de la reine de Saba et Salomon,tm-dferfdbu,Bible
tm-99ppkbja,triomphe,tm-yknzerjb,conflit (thèmes)
tm-9a5mqnr8,galéga,tm-dgunamb6,végétaux
tm-9a9dujbo,Dieu habillant Adam et Ève,tm-dferfdbu,Bible
tm-9abappcx,massacre des saints Innocents,tm-dferfdbu,Bible
tm-9bb7nbui,Joseph présentant son père et ses frères à Pharaon,tm-dferfdbu,Bible
tm-9c6hbscr,sénéçon,tm-dgunamb6,végétaux
tm-9cpc4ghf,Roger,tm-chm6nfv2,personnages historiques litteraires et mythologiques
tm-9ctnxrf9,saint Candide,tm-wnsvi7uz,"apôtres, évangélistes, saints et saintes"
tm-9dakjs3w,enseignement,tm-ceentecm,étude et savoir
tm-9dqghfgx,canne de provence,tm-dgunamb6,végétaux
tm-9duvwcxa,échanson,tm-kdmndh48,catégories sociales et peuples
tm-9dznienk,cochon,tm-es22d6su,animaux
tm-9eatbdmw,coupe (recipients et contenants),tm-xhaodmx4,récipients et contenants
tm-9evrhd3s,annonce de la défaite des hébreux au prêtre Eli,tm-dferfdbu,Bible
tm-9eyn7gsy,ivresse,tm-rqhbyapw,alimentation
tm-9eyptyf4,saints dormants d'Éphèse,tm-wnsvi7uz,"apôtres, évangélistes, saints et saintes"
tm-9f7oeyhm,infirme,tm-clb8u2vx,état du corps et de l'être
tm-9fcxhvfz,benoîte,tm-dgunamb6,végétaux
tm-9ffbnugp,Anne mère de Samuel,tm-8dvxtncr,personnages de l'Ancien Testament
tm-9fqffbjb,lèpre,tm-gtia7dmq,soins du corps et maladies
tm-9fyuwtkd,saut,tm-hmgjebc8,déplacements
tm-9fzawvpp,décapitation de saint Savin,tm-yl47emxq,saints et saintes
tm-9hc8vswk,gomme adragante,tm-voqsjov6,substances naturelles
tm-9hdky5zn,saint Jacques le Mineur,tm-wnsvi7uz,"apôtres, évangélistes, saints et saintes"
tm-9hmxsz2v,parabole des vignerons homicides,tm-dferfdbu,Bible
tm-9hpfvphg,Convoitise,tm-6vzkr8da,personnifications et allégories
tm-9isjmbje,Alphonse V,tm-chm6nfv2,personnages historiques litteraires et mythologiques
tm-9jawusvh,sainte Radegonde guérissant une moniale alitée,tm-yl47emxq,saints et saintes
tm-9jhipl5d,révolte,tm-yknzerjb,conflit (thèmes)
tm-9jrocnc5,Jean II le Bon,tm-chm6nfv2,personnages historiques litteraires et mythologiques
tm-9k2oao2g,entrée d'Élisée à Jéricho,tm-dferfdbu,Bible
tm-9kcpbnkw,chute de la prostituée de l'Apocalypse,tm-dferfdbu,Bible
tm-9kefvmxz,siège (meuble),tm-kdmavf4s,meubles
tm-9lphkwe7,coriandre,tm-dgunamb6,végétaux
tm-9lxuhvec,tétrarque,tm-kdmndh48,catégories sociales et peuples
tm-9m32yx8r,saint Mamertin,tm-wnsvi7uz,"apôtres, évangélistes, saints et saintes"
tm-9mfalukb,grenadier,tm-dgunamb6,végétaux
tm-9n4ml4ur,Lactance,tm-chm6nfv2,personnages historiques litteraires et mythologiques
tm-9njxhazu,poirier,tm-dgunamb6,végétaux
tm-9nkvsuav,séisme,tm-UNK,événéments naturels
tm-9nmhlg7x,Daniel,tm-8dvxtncr,personnages de l'Ancien Testament
tm-9o5q5ofu,combat des vertus et des vices,tm-qhhmbog9,vertus et vices (sujets)
tm-9orktf5u,hérésie,tm-pxcro3sy,attitudes religieuses
tm-9q76nyda,Christ et le figuier stérile,tm-dferfdbu,Bible
tm-9qdph5qm,saint Fursy,tm-wnsvi7uz,"apôtres, évangélistes, saints et saintes"
tm-9qehh5uq,Pétrarque,tm-chm6nfv2,personnages historiques litteraires et mythologiques
tm-9qkewtdn,fougère,tm-dgunamb6,végétaux
tm-9qpypn73,tournoi,tm-n4nxt6at,activités sociales et festives
tm-9r9zbjzb,époux,tm-clb8u2vx,état du corps et de l'être
tm-9rezddin,Éliézer,tm-8dvxtncr,personnages de l'Ancien Testament
tm-9ru6tdh3,Pélée,tm-chm6nfv2,personnages historiques litteraires et mythologiques
tm-9sb7thgd,sacrilège et châtiment d'Héliodore,tm-dferfdbu,Bible
tm-9sxknq7e,oblation,tm-qaccoaqf,sacrements et rituels
tm-9t6motqr,chat sauvage,tm-es22d6su,animaux
tm-9tsvrtq6,saint Alexandre Ier,tm-wnsvi7uz,"apôtres, évangélistes, saints et saintes"
tm-9tyxjoj4,Argos,tm-chm6nfv2,personnages historiques litteraires et mythologiques
tm-9ug9xxrn,fourreau,tm-smvsgy3q,armes
tm-9unwq3m3,Cyrus,tm-8dvxtncr,personnages de l'Ancien Testament
tm-9up2ktym,adoration de la Bête de l'Apocalypse,tm-dferfdbu,Bible
tm-9vbvlwvq,meule (végétaux),tm-dgunamb6,végétaux
tm-9veagykw,sainte Anne,tm-wnsvi7uz,"apôtres, évangélistes, saints et saintes"
tm-9vssyz4j,Henri VI,tm-chm6nfv2,personnages historiques litteraires et mythologiques
tm-9vu2zwbp,Acastus,tm-chm6nfv2,personnages historiques litteraires et mythologiques
tm-9vvycktb,Samson actionnant la roue d'un moulin,tm-dferfdbu,Bible
tm-9whlruf9,saint Macaire d'Égypte,tm-wnsvi7uz,"apôtres, évangélistes, saints et saintes"
tm-9wpm66wc,scène de dialectique,tm-nh4p7ibg,arts et savoirs
tm-9wxqs9gy,Esther s'évanouissant devant Assuérus,tm-dferfdbu,Bible
tm-9x4gnbhy,habillage,tm-l4c6ncu5,relations entre personnage et objet
tm-9x9jwkkb,décapitation de saint Cyprien,tm-yl47emxq,saints et saintes
tm-9xeduh3h,Théodose III,tm-chm6nfv2,personnages historiques litteraires et mythologiques
tm-9xlqx6re,saint Martial,tm-wnsvi7uz,"apôtres, évangélistes, saints et saintes"
tm-9xtmearf,troisième trompette de l'Apocalypse : chute des étoiles,tm-dferfdbu,Bible
tm-9xx5qbaw,Robert II le Pieux,tm-chm6nfv2,personnages historiques litteraires et mythologiques
tm-9y3ys67n,Justice (personnifications et allégories),tm-6vzkr8da,personnifications et allégories
tm-9ya2tk5f,Judas rendant les trente deniers à Caïphe,tm-dferfdbu,Bible
tm-9yn2prks,pariétaire,tm-dgunamb6,végétaux
tm-9yozg3mj,David bénissant Salomon,tm-dferfdbu,Bible
tm-9zxxrgk3,saint Vit,tm-wnsvi7uz,"apôtres, évangélistes, saints et saintes"
tm-a2eva4ic,famille,tm-clb8u2vx,état du corps et de l'être
tm-a37kahq9,saint Jacques,tm-wnsvi7uz,"apôtres, évangélistes, saints et saintes"
tm-a3cjkim2,concile,tm-juhs4qki,pouvoir (thèmes)
tm-a3kkqkjh,agaric,tm-dgunamb6,végétaux
tm-a3mmgcrd,pommier,tm-dgunamb6,végétaux
tm-a3rvot36,jeu d'échecs,tm-n4nxt6at,activités sociales et festives
tm-a3wgrlms,scène de géométrie,tm-nh4p7ibg,arts et savoirs
tm-a4dvvcv4,Christ comparaissant devant Anne,tm-dferfdbu,Bible
tm-a4e2yr6n,Céléno,tm-chm6nfv2,personnages historiques litteraires et mythologiques
tm-a4e2yvvj,plaie d'Égypte : les sauterelles,tm-dferfdbu,Bible
tm-a4qe3hyp,intercession,tm-pxcro3sy,attitudes religieuses
tm-a4rmyibp,travestissement,tm-l4c6ncu5,relations entre personnage et objet
tm-a6ktghrz,sceau,tm-u3gxy5k2,écrits
tm-a6ucn2ky,bourse,tm-xhaodmx4,récipients et contenants
tm-a6ut7mcv,eucharistie,tm-qaccoaqf,sacrements et rituels
tm-a6yq7svh,fauve,tm-es22d6su,animaux
tm-a7icthdj,roue de fortune,tm-pqk44ebu,personnages
tm-a82fhexi,entrée du Christ à Jérusalem,tm-dferfdbu,Bible
tm-a8cfoc6l,renne,tm-es22d6su,animaux
tm-a8fcclz3,Pyrame tuant le lion,tm-khljsbs5,"scènes historiques, littéraires et mythologiques"
tm-a97g6ftf,catafalque,tm-ukd2sjju,objets liturgiques et funéraires
tm-a9hraxbd,nielle des blés,tm-dgunamb6,végétaux
tm-a9mtjq4s,David épargnant Saül endormi,tm-dferfdbu,Bible
tm-a9yk99nk,Joseph et ses frères,tm-dferfdbu,Bible
tm-aa2trkzd,Thierry IV,tm-chm6nfv2,personnages historiques litteraires et mythologiques
tm-aajmslhg,Nestor,tm-chm6nfv2,personnages historiques litteraires et mythologiques
tm-aam6lfaf,Aurélien,tm-chm6nfv2,personnages historiques litteraires et mythologiques
tm-aat8dxzs,Asie,tm-codyk7ew,lieux
tm-aawmmqfm,Christ guérissant un muet,tm-dferfdbu,Bible
tm-aaxvunzs,olivier,tm-dgunamb6,végétaux
tm-aayh3tnl,Castor (personnage),tm-chm6nfv2,personnages historiques litteraires et mythologiques
tm-ab3fnk3a,repas d'Emmaüs,tm-dferfdbu,Bible
tm-abjvssgj,traite,tm-kgvsqwxd,activités rurales
tm-abn9gyzp,Hippocrate,tm-chm6nfv2,personnages historiques litteraires et mythologiques
tm-abwekp8g,phoque,tm-es22d6su,animaux
tm-abxjfrzt,Troïlus,tm-chm6nfv2,personnages historiques litteraires et mythologiques
tm-achiag3w,oiseau dans un médaillon,tm-4cuzvu8k,"homme, animal, nature"
tm-acjgfn2m,sorbet,tm-dgunamb6,végétaux
tm-acklvhbw,prêle,tm-dgunamb6,végétaux
tm-acpsxfaz,sceptre,tm-e37knvgu,insignes
tm-acvfhy77,nettoyage,tm-l4c6ncu5,relations entre personnage et objet
tm-aczosojx,torture,tm-twr3g7gr,peines corporelles et chatiments
tm-ada33wmc,Ésaü chassant,tm-dferfdbu,Bible
tm-aesxkunb,agneau divin entouré des évangélistes zoomorphes,tm-dferfdbu,Bible
tm-aeutu5cw,pie,tm-es22d6su,animaux
tm-aexfwruz,répudiation,tm-ru4qcmye,sentiments et sexualite
tm-afcj886j,Philemenis,tm-chm6nfv2,personnages historiques litteraires et mythologiques
tm-affowigy,brancard,tm-qhsmnjeu,moyens de transport
tm-afod3vw5,fourmi,tm-es22d6su,animaux
tm-afpibwet,sainte Béatrice,tm-wnsvi7uz,"apôtres, évangélistes, saints et saintes"
tm-afpogitj,Adam et Ève pleurant la mort d'Abel,tm-dferfdbu,Bible
tm-afqtpgfy,Noémi,tm-8dvxtncr,personnages de l'Ancien Testament
tm-agsknzix,poisson-scie,tm-es22d6su,animaux
tm-ah7yif5g,Génius,tm-chm6nfv2,personnages historiques litteraires et mythologiques
tm-ah93hxdt,Étienne,tm-chm6nfv2,personnages historiques litteraires et mythologiques
tm-ahadkzyi,petite consoude,tm-dgunamb6,végétaux
tm-ahckphjw,Carus,tm-chm6nfv2,personnages historiques litteraires et mythologiques
tm-ahg4puey,Béhémot,tm-dferfdbu,Bible
tm-ahxpgjb6,Élimélek,tm-8dvxtncr,personnages de l'Ancien Testament
tm-aibcswve,découpage du cochon,tm-t4ksxzbv,"agriculture, artisanat et commerce, vie quotidienne, calendrier"
tm-aid5ernz,Pyrame,tm-chm6nfv2,personnages historiques litteraires et mythologiques
tm-aixnsv7v,jeu,tm-n4nxt6at,activités sociales et festives
tm-ajcha64n,templier,tm-gie9c6et,clercs et statuts religieux
tm-ajh9slon,Déduit,tm-chm6nfv2,personnages historiques litteraires et mythologiques
tm-ajr4czz9,Euryale,tm-chm6nfv2,personnages historiques litteraires et mythologiques
tm-ak3zvwrb,saxifrage,tm-dgunamb6,végétaux
tm-ak5dz7pj,Malebouche,tm-6vzkr8da,personnifications et allégories
tm-akdp9mw3,Samson échappant aux Philistins,tm-dferfdbu,Bible
tm-akyzisi9,zodiaque-scorpion,tm-paifj62y,cosmos
tm-al3fdp8r,saint Celse,tm-wnsvi7uz,"apôtres, évangélistes, saints et saintes"
tm-aldzhyec,personnage attaqué par un oiseau,tm-pqk44ebu,personnages
tm-aluq87zb,transport,tm-hmgjebc8,déplacements
tm-alzikv8y,Pilate se lavant les mains,tm-dferfdbu,Bible
tm-am7jn44n,Vierge à l'enfant entourée de saints,tm-dferfdbu,Bible
tm-amckgh7c,collier,tm-boubjbok,"tissus, parures et accessoires"
tm-amimyfs5,saint Jean écrivant à l'église d'Éphèse,tm-dferfdbu,Bible
tm-ammxjerv,plaidoirie,tm-qmpqymzm,justice (thèmes)
tm-amu4kvgf,Henri IV,tm-chm6nfv2,personnages historiques litteraires et mythologiques
tm-amufxy2h,sole,tm-es22d6su,animaux
tm-amxv7yb9,Islande,tm-codyk7ew,lieux
tm-an3bqrxa,poisson-ombre,tm-es22d6su,animaux
tm-anbdizwx,Hérode ordonnant le massacre des saints innocents.,tm-dferfdbu,Bible
tm-aneesnkt,apparition de dieu à Osée,tm-dferfdbu,Bible
tm-angry9pz,sirènes-oiseaux affrontées,tm-4cuzvu8k,"homme, animal, nature"
tm-anhprvfy,saint Martin partageant son manteau,tm-khljsbs5,"scènes historiques, littéraires et mythologiques"
tm-anhzraqq,Esprit-Saint,tm-aww2uwsc,personnages divins ou surnaturels
tm-anlidr2a,rencontre d'Abraham et de Melchisédech,tm-dferfdbu,Bible
tm-anqfomxf,apôtre debout,tm-pqk44ebu,personnages
tm-anqlj9sf,saints Jean et Paul,tm-wnsvi7uz,"apôtres, évangélistes, saints et saintes"
tm-anvnwlhc,martyre d'Isaïe,tm-dferfdbu,Bible
tm-anyjy4wq,scène de chasse,tm-nh4p7ibg,arts et savoirs
tm-ao9wtg4s,apparition,tm-h4mihrdw,divin et surnaturel
tm-aojeyz8g,taille de la pierre,tm-yvy9sjme,activités artisanales
tm-aovfxbwf,meurtre,tm-yknzerjb,conflit (thèmes)
tm-aoxtmdmq,laitue à lièvre,tm-dgunamb6,végétaux
tm-apk5cxrr,Jalousie (personnifications et allégories),tm-6vzkr8da,personnifications et allégories
tm-apmyltcf,Khosro II,tm-chm6nfv2,personnages historiques litteraires et mythologiques
tm-appmqbc3,Christ ressuscitant saint Lazare,tm-dferfdbu,Bible
tm-apxwvmr5,course,tm-hmgjebc8,déplacements
tm-apyjfcgc,animal terrestre sur feuille,tm-4cuzvu8k,"homme, animal, nature"
tm-aq5jzudw,saint Isidore de Séville,tm-wnsvi7uz,"apôtres, évangélistes, saints et saintes"
tm-aqa9mcjy,saint Thimothée,tm-wnsvi7uz,"apôtres, évangélistes, saints et saintes"
tm-aqdupgxp,Éthiopien,tm-kdmndh48,catégories sociales et peuples
tm-aqgtjjdr,iris,tm-dgunamb6,végétaux
tm-aqlcpwsy,Goda,tm-chm6nfv2,personnages historiques litteraires et mythologiques
tm-ar329gsx,"Eli bénissant Anne, mère de Samuel",tm-dferfdbu,Bible
tm-arucxokb,Joseph interprétant le songe de Pharaon,tm-dferfdbu,Bible
tm-arxrcjas,Christ présenté au peuple,tm-dferfdbu,Bible
tm-ary2dyxk,cresson des champs,tm-dgunamb6,végétaux
tm-ary7bw5a,seps,tm-es22d6su,animaux
tm-arzl6gcd,saint Taurin bénissant,tm-yl47emxq,saints et saintes
tm-asdhjgwr,évêque sous arcade,tm-pqk44ebu,personnages
tm-asfemevc,Clotaire Ier,tm-chm6nfv2,personnages historiques litteraires et mythologiques
tm-ash9l3sy,David combattant l'ours,tm-dferfdbu,Bible
tm-aslmkhsp,arrestation du christ,tm-dferfdbu,Bible
tm-aslz9yzn,Tantale,tm-chm6nfv2,personnages historiques litteraires et mythologiques
tm-asrbjgwa,bijou,tm-boubjbok,"tissus, parures et accessoires"
tm-asvcbcuy,emblique,tm-dgunamb6,végétaux
tm-aswtqpty,pécheur,tm-gie9c6et,clercs et statuts religieux
tm-aswtwg4r,cymbale,tm-adjk7xgi,instruments de musique
tm-at8mwwng,foin,tm-dgunamb6,végétaux
tm-at9kh4kv,aubergiste,tm-kdmndh48,catégories sociales et peuples
tm-atex2yjb,Saül assistant au sacrifice de Samuel,tm-dferfdbu,Bible
tm-atezm68g,Christ chez sainte Marthe et sainte Marie Madeleine,tm-dferfdbu,Bible
tm-atszdcwy,vision d'Ézéchiel : la porte close,tm-dferfdbu,Bible
tm-atwkrfsm,Louis III,tm-chm6nfv2,personnages historiques litteraires et mythologiques
tm-au7bpxvz,Hérode,tm-ka9s5rfg,personnages du Nouveau Testament
tm-aubzcstb,trépied,tm-hnxe45cj,objets domestiques
tm-audpj5ax,rue sauvage,tm-dgunamb6,végétaux
tm-auhtguzf,saint Pierre martyr,tm-wnsvi7uz,"apôtres, évangélistes, saints et saintes"
tm-aupwhhhk,Octavie,tm-chm6nfv2,personnages historiques litteraires et mythologiques
tm-aupwxcyo,chèvrefeuille,tm-dgunamb6,végétaux
tm-auuaj3db,mer Rouge,tm-codyk7ew,lieux
tm-av3tkof3,lionne,tm-es22d6su,animaux
tm-avcgt9rh,vessie,tm-xz4pq72a,corps humain et animal
tm-avhnvyeu,pêche,tm-kgvsqwxd,activités rurales
tm-avi9typa,plaie d'Égypte : les ulcères,tm-dferfdbu,Bible
tm-avx5mgyq,pioche,tm-9xdig6kt,outils et instruments divers
tm-aw3thpvl,lapidation des deux vieillards jugés par Daniel,tm-dferfdbu,Bible
tm-awbuxkxe,remplissage,tm-l4c6ncu5,relations entre personnage et objet
tm-awcwfwri,rivière,tm-rjrpwa7c,éléments du paysage
tm-awgxmwxr,goût,tm-sjsrgabv,vie corporelle
tm-awh6qlqy,asaret,tm-dgunamb6,végétaux
tm-awlanczt,ache nodiflore,tm-dgunamb6,végétaux
tm-awqmahpm,sainte Radegonde guérissant Domolénus et lui ordonnant de libérer les prisonniers,tm-yl47emxq,saints et saintes
tm-ax2ojf5c,cresson,tm-dgunamb6,végétaux
tm-ax2smrhp,réglisse,tm-dgunamb6,végétaux
tm-ax5covei,Gédéon et le miracle de la toison,tm-dferfdbu,Bible
tm-axabyb66,Télamon,tm-chm6nfv2,personnages historiques litteraires et mythologiques
tm-axcjp8jc,Salomon enseignant,tm-dferfdbu,Bible
tm-axdxiuzf,saint Léon Ier,tm-wnsvi7uz,"apôtres, évangélistes, saints et saintes"
tm-axlasatl,funérailles d'Abner,tm-dferfdbu,Bible
tm-axngdmrx,cinquième sceau de l'Apocalypse : âmes des martyrs sous l'autel,tm-dferfdbu,Bible
tm-ay2aptie,politric,tm-dgunamb6,végétaux
tm-ayascnce,Jacob devant la tombe de Rachel,tm-dferfdbu,Bible
tm-aybuukcc,Foi (personnifications et allégories),tm-6vzkr8da,personnifications et allégories
tm-ayc3fog7,stigmatisation,tm-h4mihrdw,divin et surnaturel
tm-ayk6pn5f,tête humaine crachant ou avalant,tm-pqk44ebu,personnages
tm-ayqdzcvr,empoisonnement,tm-twr3g7gr,peines corporelles et chatiments
tm-azdje7uy,tricéphale (humanoïde),tm-xd3qz4bt,personnages fantastiques et monstres
tm-azhsmzzw,Harpye,tm-chm6nfv2,personnages historiques litteraires et mythologiques
tm-aztf9mvn,saint Jean écrivant,tm-dferfdbu,Bible
tm-azyfajsn,scarabée,tm-es22d6su,animaux
tm-b2luww6n,zodiaque-verseau,tm-paifj62y,cosmos
tm-b4aj7bzr,oiseau se mordant une patte,tm-4cuzvu8k,"homme, animal, nature"
tm-b4hlqtfu,prostituée,tm-kdmndh48,catégories sociales et peuples
tm-b4ki3bo4,Philippe IV le Bel,tm-chm6nfv2,personnages historiques litteraires et mythologiques
tm-b4pfcdpw,animal fantastique dressé,tm-4cuzvu8k,"homme, animal, nature"
tm-b5fpozqn,meule (outils et instruments divers),tm-9xdig6kt,outils et instruments divers
tm-b629qdzx,tentation du Christ,tm-dferfdbu,Bible
tm-b6yq84ny,oseille,tm-dgunamb6,végétaux
tm-b6zroqhg,constellation,tm-paifj62y,cosmos
tm-b72fb3ce,naissance de Samson,tm-dferfdbu,Bible
tm-b8j3oono,ténèbre,tm-nvexrnma,éléments naturels et intempéries
tm-baqhsfnk,saint Paulin,tm-wnsvi7uz,"apôtres, évangélistes, saints et saintes"
tm-bb5s6p3v,gomme arabique,tm-voqsjov6,substances naturelles
tm-bb7u4zzp,annonce à sainte Anne,tm-dferfdbu,Bible
tm-bbcxqwen,bénédictin,tm-gie9c6et,clercs et statuts religieux
tm-bbg8pnmm,constellation-lièvre,tm-paifj62y,cosmos
tm-bbnqexhe,Rémus,tm-chm6nfv2,personnages historiques litteraires et mythologiques
tm-bbpyuvpw,personnage encordé,tm-pqk44ebu,personnages
tm-bbs69yvb,pierre de lynx,tm-voqsjov6,substances naturelles
tm-bcbo3jcg,mort de la Vierge,tm-dferfdbu,Bible
tm-bcjbh7zu,Laïos,tm-chm6nfv2,personnages historiques litteraires et mythologiques
tm-bcmcfuzn,encrier,tm-u3gxy5k2,écrits
tm-bcq5h6us,scène de spectacle,tm-nh4p7ibg,arts et savoirs
tm-bcrvbkjd,sainte Catherine tenant son attribut,tm-yl47emxq,saints et saintes
tm-bd2eb4vc,Cassius,tm-chm6nfv2,personnages historiques litteraires et mythologiques
tm-bduqz44e,épine blanche,tm-dgunamb6,végétaux
tm-be3lngod,Judas Maccabée,tm-8dvxtncr,personnages de l'Ancien Testament
tm-be7ccsta,armoiries,tm-e37knvgu,insignes
tm-be825ttu,sainte Marine,tm-wnsvi7uz,"apôtres, évangélistes, saints et saintes"
tm-beu35jnu,Samson incendiant les champs des Philistins,tm-dferfdbu,Bible
tm-bfadnnza,dragon de l'Apocalypse enchaîné,tm-dferfdbu,Bible
tm-bfhcyavt,Vierge à l'enfant debout,tm-dferfdbu,Bible
tm-bfo2pw2k,animaux fantastiques entrecroisés,tm-4cuzvu8k,"homme, animal, nature"
tm-bg5uhyed,bain,tm-gtia7dmq,soins du corps et maladies
tm-bgwucfss,Domolenus,tm-chm6nfv2,personnages historiques litteraires et mythologiques
tm-bhdbsmdt,torse,tm-xz4pq72a,corps humain et animal
tm-bhdpcr6m,mesurage,tm-akjcakin,"dons, échanges et mesures"
tm-bhe8ytbh,sablier,tm-8w59dqrj,instruments de mesure
tm-bhjt8pta,loir,tm-es22d6su,animaux
tm-bhmqiwqd,vision d'Ézéchiel : roues de feu,tm-dferfdbu,Bible
tm-bi28adap,goupillon,tm-ukd2sjju,objets liturgiques et funéraires
tm-bi8lqnd4,première trompette de l'Apocalypse : pluie de feu,tm-dferfdbu,Bible
tm-biccmfla,mensonge,tm-952iiyye,parole (thèmes)
tm-bixq2gai,Bel-Accueil,tm-chm6nfv2,personnages historiques litteraires et mythologiques
tm-bj3tmxav,ache,tm-dgunamb6,végétaux
tm-bjbkbzsw,scène de guérison,tm-rfcju69x,"scènes liturgiques, rituelles et vie religieuse"
tm-bjjqr4hb,Étéocle,tm-chm6nfv2,personnages historiques litteraires et mythologiques
tm-bk6sfrn9,malédiction,tm-qaccoaqf,sacrements et rituels
tm-bkbcmurk,fève,tm-dgunamb6,végétaux
tm-bkx7edu7,Deïphebus,tm-chm6nfv2,personnages historiques litteraires et mythologiques
tm-bkxy8ajx,épinard,tm-dgunamb6,végétaux
tm-bl4epw76,saint Damase Ier,tm-wnsvi7uz,"apôtres, évangélistes, saints et saintes"
tm-blbv9khp,Polydamas,tm-chm6nfv2,personnages historiques litteraires et mythologiques
tm-bmghewaz,Oiseuse,tm-chm6nfv2,personnages historiques litteraires et mythologiques
tm-bmmitbcg,pulicaire odorante,tm-dgunamb6,végétaux
tm-bmyvpzau,lacération,tm-twr3g7gr,peines corporelles et chatiments
tm-bn3rppxr,femme de l'Apocalypse,tm-ka9s5rfg,personnages du Nouveau Testament
tm-bncafpvf,chevrotin,tm-es22d6su,animaux
tm-bniwu4xq,pendaison du panetier,tm-dferfdbu,Bible
tm-bnkz96jl,zodiaque-taureau,tm-paifj62y,cosmos
tm-bnldtzqd,otarie,tm-es22d6su,animaux
tm-bnphjku3,nappe,tm-boubjbok,"tissus, parures et accessoires"
tm-bnug4oya,constellation-dauphin,tm-paifj62y,cosmos
tm-boaqnrsh,saint Aventin décapité,tm-yl47emxq,saints et saintes
tm-boxucba8,saint Didier de Langres,tm-wnsvi7uz,"apôtres, évangélistes, saints et saintes"
tm-bp6ywv9g,branche,tm-dgunamb6,végétaux
tm-bpcnhn23,Yaël tuant Sisera,tm-dferfdbu,Bible
tm-bpkput3a,frêne,tm-dgunamb6,végétaux
tm-bpudvumu,octobre,tm-k7prxdpw,temps
tm-bpw9bcbv,trône de grâce,tm-dferfdbu,Bible
tm-bq6hevh4,Marc-Antoine,tm-chm6nfv2,personnages historiques litteraires et mythologiques
tm-bq72spk2,vertus (anges),tm-aww2uwsc,personnages divins ou surnaturels
tm-bqgmfgr5,serpentine,tm-dgunamb6,végétaux
tm-bqh9bvjb,création des animaux terrestres,tm-dferfdbu,Bible
tm-bqmosqbj,saint Séverin,tm-wnsvi7uz,"apôtres, évangélistes, saints et saintes"
tm-bqnyidmd,larme,tm-xz4pq72a,corps humain et animal
tm-bqot6gte,main,tm-xz4pq72a,corps humain et animal
tm-bqscor5q,oiseau,tm-es22d6su,animaux
tm-brda8tw3,fumée,tm-nvexrnma,éléments naturels et intempéries
tm-brdaqlfs,lion buvant dans une coupe,tm-4cuzvu8k,"homme, animal, nature"
tm-brjc5gmy,animaux terrestres entrecroisés,tm-4cuzvu8k,"homme, animal, nature"
tm-brnafxmd,ermite,tm-gie9c6et,clercs et statuts religieux
tm-brqtzl8a,lance,tm-smvsgy3q,armes
tm-brrjh38g,astronomie,tm-ceentecm,étude et savoir
tm-bsh52mfb,femme de l'Apocalypse confiant l'enfant à un ange,tm-dferfdbu,Bible
tm-bslny8dd,sainte Marie Salomé,tm-wnsvi7uz,"apôtres, évangélistes, saints et saintes"
tm-bsmbjqgw,évêque,tm-gie9c6et,clercs et statuts religieux
tm-bsosgcza,Philippe Ier,tm-chm6nfv2,personnages historiques litteraires et mythologiques
tm-bsumvxzp,Purgatoire,tm-codyk7ew,lieux
tm-bsupf569,Élisée ressuscitant le fils de la Sunamite,tm-dferfdbu,Bible
tm-bszhxyjj,homard,tm-es22d6su,animaux
tm-bt6mqlht,saint Savinien décapité,tm-yl47emxq,saints et saintes
tm-btfxpnww,constellation-hercule,tm-paifj62y,cosmos
tm-btjw96oe,magistrat,tm-kdmndh48,catégories sociales et peuples
tm-btsj4yna,pulmonaire,tm-dgunamb6,végétaux
tm-btu59ues,Moïse et l'ordalie du charbon ardent,tm-dferfdbu,Bible
tm-btwtmaak,saint Félicien de Foligno,tm-wnsvi7uz,"apôtres, évangélistes, saints et saintes"
tm-bud5szpr,animal terrestre encordé,tm-4cuzvu8k,"homme, animal, nature"
tm-buyarbfy,pressoir,tm-9xdig6kt,outils et instruments divers
tm-bvwymnol,plaie,tm-xz4pq72a,corps humain et animal
tm-bw9v7uzm,Amos,tm-8dvxtncr,personnages de l'Ancien Testament
tm-bwf8a6ds,divorce,tm-ru4qcmye,sentiments et sexualite
tm-bwjbgjqe,multiplication des troupeaux de Jacob,tm-dferfdbu,Bible
tm-bwpcdsvn,origan,tm-dgunamb6,végétaux
tm-bwrxhybh,combat entre Roland et Marsile,tm-khljsbs5,"scènes historiques, littéraires et mythologiques"
tm-bwx3qb7b,sel gemme,tm-voqsjov6,substances naturelles
tm-bx8dwv54,herbe britannique,tm-dgunamb6,végétaux
tm-bxgbwpaf,reine de Juda,tm-kdmndh48,catégories sociales et peuples
tm-bxi6xtf7,saint Loup de Sens,tm-wnsvi7uz,"apôtres, évangélistes, saints et saintes"
tm-bxldhdup,échassier,tm-es22d6su,animaux
tm-bxrgewaw,Babylone,tm-codyk7ew,lieux
tm-bxxgsvzb,Samson faisant jaillir l'eau d'une mâchoire,tm-dferfdbu,Bible
tm-by3u4qkn,saintes femmes au tombeau,tm-dferfdbu,Bible
tm-by6ortwf,ivraie enivrante,tm-dgunamb6,végétaux
tm-byasf35w,saint Bonaventure,tm-wnsvi7uz,"apôtres, évangélistes, saints et saintes"
tm-byfywuj3,saint Taurin ressuscitant Eufrasie,tm-yl47emxq,saints et saintes
tm-bymdnaca,Pallas,tm-chm6nfv2,personnages historiques litteraires et mythologiques
tm-bz4cf4qh,désespoir,tm-mxk5b5af,vertus et vices (thèmes)
tm-bzjrdq6r,arroche,tm-dgunamb6,végétaux
tm-bzmp4ftm,combat entre Abraham et les rois,tm-dferfdbu,Bible
tm-bzmydjkq,blé,tm-dgunamb6,végétaux
tm-bznhw2g4,Yéred,tm-8dvxtncr,personnages de l'Ancien Testament
tm-bzub7jhc,maître,tm-kdmndh48,catégories sociales et peuples
tm-bzybg6ib,Jules César,tm-chm6nfv2,personnages historiques litteraires et mythologiques
tm-bzyp76f2,œil,tm-xz4pq72a,corps humain et animal
tm-c2urnad6,saint Aventin de Larboust,tm-wnsvi7uz,"apôtres, évangélistes, saints et saintes"
tm-c3fan8r4,mort de Thisbée enlaçant Pyrame,tm-khljsbs5,"scènes historiques, littéraires et mythologiques"
tm-c3qyvjkk,David combattant le lion et l'ours,tm-dferfdbu,Bible
tm-c3rmxkgb,persil de macédoine,tm-dgunamb6,végétaux
tm-c3ufksq4,truite,tm-es22d6su,animaux
tm-c4vyu5zq,lune (sphère céleste),tm-paifj62y,cosmos
tm-c5353rxr,Simon de Cyrène,tm-ka9s5rfg,personnages du Nouveau Testament
tm-c57opdwj,résurrection du Christ,tm-dferfdbu,Bible
tm-c5epffqz,lions superposés,tm-4cuzvu8k,"homme, animal, nature"
tm-c5i9kcrk,saule,tm-dgunamb6,végétaux
tm-c5jxdvg2,Espérance (personnifications et allégories),tm-6vzkr8da,personnifications et allégories
tm-c5wxg6fm,faux-persil,tm-dgunamb6,végétaux
tm-c62ra7ff,loriot,tm-es22d6su,animaux
tm-c6cqbaqf,pavot rouge,tm-dgunamb6,végétaux
tm-c6h8zpkv,arbre à moutons,tm-dgunamb6,végétaux
tm-c6j2wt3w,sérapin,tm-dgunamb6,végétaux
tm-c6m6khgv,fuseau,tm-9xdig6kt,outils et instruments divers
tm-c6tvnsde,août,tm-k7prxdpw,temps
tm-c7auwmmr,Jérémie jeté dans un puits,tm-dferfdbu,Bible
tm-c7bryluq,saint Cyprien,tm-wnsvi7uz,"apôtres, évangélistes, saints et saintes"
tm-c7ettqjl,saint Pierre et la vision des bêtes impures descendant du ciel,tm-yl47emxq,saints et saintes
tm-c7rw7yxc,Jonas dans la gueule de la baleine,tm-dferfdbu,Bible
tm-c7sa7dui,Anne prêtre,tm-ka9s5rfg,personnages du Nouveau Testament
tm-c8hjqqkf,sainte Radegonde se retirant dans le monastère,tm-yl47emxq,saints et saintes
tm-c8mjlvgq,songe,tm-sjsrgabv,vie corporelle
tm-c9bc5w6m,saint Simplice,tm-wnsvi7uz,"apôtres, évangélistes, saints et saintes"
tm-c9fgbkad,pince,tm-9xdig6kt,outils et instruments divers
tm-c9pvoonn,noisetier,tm-dgunamb6,végétaux
tm-ca9rcahk,arquebuse,tm-smvsgy3q,armes
tm-cat27oby,désignation,tm-l4c6ncu5,relations entre personnage et objet
tm-cavdxnms,Otton III,tm-chm6nfv2,personnages historiques litteraires et mythologiques
tm-cavh3stx,Dieu indiquant à Moïse les règles sacrificielles,tm-dferfdbu,Bible
tm-cawic6w3,dragon assis,tm-4cuzvu8k,"homme, animal, nature"
tm-cb6rrw2m,hotte,tm-9xdig6kt,outils et instruments divers
tm-cbfilhog,saint Quentin en prison visité par un ange,tm-yl47emxq,saints et saintes
tm-cc8jhxzb,Albert Ier d'Autriche,tm-chm6nfv2,personnages historiques litteraires et mythologiques
tm-ccbbtidu,dattier,tm-dgunamb6,végétaux
tm-cccn7sjm,Guillaume de Lorris,tm-chm6nfv2,personnages historiques litteraires et mythologiques
tm-ccdcbgcv,anis,tm-dgunamb6,végétaux
tm-ccjcjq3l,saint Faustin,tm-wnsvi7uz,"apôtres, évangélistes, saints et saintes"
tm-ccqzgvs3,Henri II Plantagenêt,tm-chm6nfv2,personnages historiques litteraires et mythologiques
tm-cd9ehkpn,Simon le magicien,tm-ka9s5rfg,personnages du Nouveau Testament
tm-cdeytt3y,vipérine,tm-dgunamb6,végétaux
tm-cdmy2kqe,étourneau,tm-es22d6su,animaux
tm-cefrjpfy,animal terrestre couché,tm-4cuzvu8k,"homme, animal, nature"
tm-cei852az,Canaan,tm-codyk7ew,lieux
tm-cfdetg5c,cartes à jouer,tm-cbnhsoso,jeux
tm-cfedopmh,ellébore blanc,tm-dgunamb6,végétaux
tm-cffvvapg,morelle douce-amère,tm-dgunamb6,végétaux
tm-cfqb9dyy,saint Maurice d'Agaune entre un paon et un dragon,tm-yl47emxq,saints et saintes
tm-cfybyz2n,saint Étienne comparaissant devant le Sanhedrin,tm-yl47emxq,saints et saintes
tm-cg3wfyfz,saint Quintien de Poitiers,tm-wnsvi7uz,"apôtres, évangélistes, saints et saintes"
tm-cg3ybjwk,jet,tm-l4c6ncu5,relations entre personnage et objet
tm-cgt9cj5q,encensoir,tm-ukd2sjju,objets liturgiques et funéraires
tm-cguadphc,malade,tm-clb8u2vx,état du corps et de l'être
tm-cgx3tpp5,"Néhémie, échanson du roi Artaxerxès",tm-dferfdbu,Bible
tm-chduatst,gobelet,tm-xhaodmx4,récipients et contenants
tm-chsgws7m,Tristan,tm-chm6nfv2,personnages historiques litteraires et mythologiques
tm-chuzegzw,plaie d'Égypte : les grenouilles,tm-dferfdbu,Bible
tm-cihz7qtx,spare denté,tm-es22d6su,animaux
tm-cjgbvv2h,bitume de Judée,tm-voqsjov6,substances naturelles
tm-cjr9duvd,Baudoin IV,tm-chm6nfv2,personnages historiques litteraires et mythologiques
tm-cjtzgkma,ascension d'Alexandre,tm-khljsbs5,"scènes historiques, littéraires et mythologiques"
tm-cjwqjqlw,Christ couronné d'épines,tm-dferfdbu,Bible
tm-cjyni4fp,Joseph retiré du puits par ses frères,tm-dferfdbu,Bible
tm-ck8kbdms,harpie,tm-es22d6su,animaux
tm-ckdjzybf,Dagobert Ier,tm-chm6nfv2,personnages historiques litteraires et mythologiques
tm-ckjqk76u,Joseph stockant le grain,tm-dferfdbu,Bible
tm-clulzpiw,apparition de dieu à Samuel,tm-dferfdbu,Bible
tm-clzvr3xh,ivraie,tm-dgunamb6,végétaux
tm-cmfssnq4,couronne d'épines,tm-e37knvgu,insignes
tm-cmmym8qe,Sara,tm-ka9s5rfg,personnages du Nouveau Testament
tm-cmxqba5j,Vierge aux sept douleurs,tm-dferfdbu,Bible
tm-cmycil6x,apparition de dieu à Michée,tm-dferfdbu,Bible
tm-cmyxcscx,flûte,tm-adjk7xgi,instruments de musique
tm-cn23qrrm,glandée,tm-kgvsqwxd,activités rurales
tm-cn2hbcxc,germandrée-pouliot,tm-dgunamb6,végétaux
tm-cnbahmwt,os de seiche,tm-voqsjov6,substances naturelles
tm-cnf8sevd,animaux terrestres affrontés,tm-4cuzvu8k,"homme, animal, nature"
tm-cnqvpb9d,animal terrestre,tm-es22d6su,animaux
tm-cnw3nroh,treille,tm-9xdig6kt,outils et instruments divers
tm-coj7paga,saint Célestin Ier,tm-wnsvi7uz,"apôtres, évangélistes, saints et saintes"
tm-comzp3fs,mulet,tm-es22d6su,animaux
tm-covhhvpa,saint Nicolas,tm-wnsvi7uz,"apôtres, évangélistes, saints et saintes"
tm-cpdgl5r4,écrit,tm-u3gxy5k2,écrits
tm-cpmkk5w7,honte d'Adam et Ève,tm-dferfdbu,Bible
tm-cpzm9f9v,chapelle,tm-dtfhjmhe,éléments d'architecture
tm-cqphs5qs,or,tm-voqsjov6,substances naturelles
tm-cqtjv7qq,jeune fille,tm-clb8u2vx,état du corps et de l'être
tm-cqvuhtnw,scène de médecine,tm-nh4p7ibg,arts et savoirs
tm-cqykwnqx,ange sonnant la quatrième trompette de l'Apocalypse,tm-dferfdbu,Bible
tm-crhhzaac,caparaçon,tm-uyvtjqdl,objets liés à l'animal
tm-crp8afea,sceau de Salomon,tm-dgunamb6,végétaux
tm-crsazxje,saint Jean Climaque,tm-wnsvi7uz,"apôtres, évangélistes, saints et saintes"
tm-crtcrmwj,langue de chien,tm-dgunamb6,végétaux
tm-crtv7nul,arrachage,tm-kgvsqwxd,activités rurales
tm-crvbi4px,accusation de la vierge par les prêtres du temple,tm-dferfdbu,Bible
tm-crvm8ycs,Belphégor,tm-dferfdbu,Bible
tm-cs2ez3aa,témoignage,tm-qmpqymzm,justice (thèmes)
tm-cs6lj5fa,échafaudage,tm-dtfhjmhe,éléments d'architecture
tm-csdqjlkg,inceste de Ruben et de la concubine de Jacob,tm-dferfdbu,Bible
tm-csrrqjzz,scabieuse,tm-dgunamb6,végétaux
tm-csvsgxv8,Péronne,tm-codyk7ew,lieux
tm-csxgktv9,prêtre refusant l'offrande de sainte Anne et saint Joachim,tm-dferfdbu,Bible
tm-ctqhw8jk,bicéphale (animal),tm-es22d6su,animaux
tm-ctxrtxdr,noces de Samson,tm-dferfdbu,Bible
tm-ctz652g4,saint Jean-Baptiste prêchant,tm-dferfdbu,Bible
tm-cu8zbhmp,agneau divin tenant le livre,tm-dferfdbu,Bible
tm-cuklrkpb,sirène,tm-es22d6su,animaux
tm-cuqtzlfj,bâton,tm-9xdig6kt,outils et instruments divers
tm-cursscbr,lion androphage,tm-4cuzvu8k,"homme, animal, nature"
tm-cuvk2g37,hydre,tm-es22d6su,animaux
tm-cuzk4hgt,sainte Madeleine,tm-wnsvi7uz,"apôtres, évangélistes, saints et saintes"
tm-cvge7ycr,saint Savin et saint Cyprien exhortant le peuple d'Amphipolis,tm-yl47emxq,saints et saintes
tm-cvode8hm,arc de triomphe,tm-dtfhjmhe,éléments d'architecture
tm-cvpk39fk,juge,tm-kdmndh48,catégories sociales et peuples
tm-cvwgmdu7,sein des trois patriarches,tm-codyk7ew,lieux
tm-cw2gwrjp,serpent,tm-es22d6su,animaux
tm-cw5t2pnf,raifort,tm-dgunamb6,végétaux
tm-cw6krtth,Grâces,tm-chm6nfv2,personnages historiques litteraires et mythologiques
tm-cwk6us8l,dragon de l'Apocalypse tombant sur Terre,tm-dferfdbu,Bible
tm-cwvsgqgm,dérision du Christ,tm-dferfdbu,Bible
tm-cx3pnnp2,parodie,tm-n4nxt6at,activités sociales et festives
tm-cx985kiu,Tobie et Raphaël extrayant le fiel du poisson,tm-dferfdbu,Bible
tm-cxigx8jl,Aaron et la verge fleurie,tm-dferfdbu,Bible
tm-cxktkbmz,sainte Radegonde et les deux moniales dansant la carole,tm-yl47emxq,saints et saintes
tm-cy5aypsy,rencontre de sainte Anne et saint Joachim à la porte d'or,tm-dferfdbu,Bible
tm-cy74b53n,vision d'Ézéchiel : les quatre vivants,tm-dferfdbu,Bible
tm-cyrdqdmq,franchissement,tm-hmgjebc8,déplacements
tm-cyuxnxa3,grêle,tm-nvexrnma,éléments naturels et intempéries
tm-cz6ughj4,inondation,tm-UNK,événéments naturels
tm-cz9hnkdt,trois Hébreux refusant d'adorer la statue d'or,tm-dferfdbu,Bible
tm-czcxz8wk,animal terrestre combattant,tm-4cuzvu8k,"homme, animal, nature"
tm-czgdx452,psaltérion,tm-adjk7xgi,instruments de musique
tm-cztbvyax,citron,tm-dgunamb6,végétaux
tm-czulhtc2,Cluny,tm-codyk7ew,lieux
tm-d2hszvgk,création du firmament,tm-dferfdbu,Bible
tm-d2mjwcrr,Hadrien V,tm-chm6nfv2,personnages historiques litteraires et mythologiques
tm-d34te8yc,déluge universel,tm-dferfdbu,Bible
tm-d365amvj,fête,tm-n4nxt6at,activités sociales et festives
tm-d48rjzg8,généalogie,tm-ceentecm,étude et savoir
tm-d4gk2rez,Terre (personnifications et allégories),tm-6vzkr8da,personnifications et allégories
tm-d4njtwwg,résurrection des deux témoins de l'Apocalypse,tm-dferfdbu,Bible
tm-d5bhwbtg,Alphonse de Poitiers,tm-chm6nfv2,personnages historiques litteraires et mythologiques
tm-d5qpldsa,crâne,tm-xz4pq72a,corps humain et animal
tm-d5sn4qxg,Aï,tm-codyk7ew,lieux
tm-d6aoek6t,lépreux,tm-clb8u2vx,état du corps et de l'être
tm-d6ftjvrg,vision d'Ézéchiel : les ossements desséchés,tm-dferfdbu,Bible
tm-d6ktklaw,Esdras prêchant,tm-dferfdbu,Bible
tm-d6zchjks,fromage,tm-b9hasrrk,aliments
tm-d78txjst,machine,tm-9xdig6kt,outils et instruments divers
tm-d7utcjb2,saint Fortunat,tm-wnsvi7uz,"apôtres, évangélistes, saints et saintes"
tm-d82kpfxe,Tobie,tm-8dvxtncr,personnages de l'Ancien Testament
tm-d8ggdgdu,saint Josaphat,tm-wnsvi7uz,"apôtres, évangélistes, saints et saintes"
tm-d8hvjhpu,constellation-petite ourse,tm-paifj62y,cosmos
tm-d8qsafz6,Vilenie,tm-chm6nfv2,personnages historiques litteraires et mythologiques
tm-d8scqgkv,ange en buste,tm-dferfdbu,Bible
tm-d8shpumr,prostituée de l'Apocalypse,tm-ka9s5rfg,personnages du Nouveau Testament
tm-d8x4bx2f,prophétie d'Amos,tm-dferfdbu,Bible
tm-d9fpbefh,baptême du Christ,tm-dferfdbu,Bible
tm-d9gypqmb,personnage se tenant les mains,tm-pqk44ebu,personnages
tm-da2docur,assiette,tm-hnxe45cj,objets domestiques
tm-daakbfff,personnage nu,tm-pqk44ebu,personnages
tm-dabks2of,Andromède,tm-chm6nfv2,personnages historiques litteraires et mythologiques
tm-danrmloz,fourrure,tm-boubjbok,"tissus, parures et accessoires"
tm-darr76ba,saint Albert le Grand,tm-wnsvi7uz,"apôtres, évangélistes, saints et saintes"
tm-daxw3bjb,menthe-pouliot,tm-dgunamb6,végétaux
tm-db88y9fq,Vierge de pitié,tm-dferfdbu,Bible
tm-dbbzvten,Ita Nellenburg,tm-chm6nfv2,personnages historiques litteraires et mythologiques
tm-dbfqmjvb,sison faux-amone,tm-dgunamb6,végétaux
tm-dbkdkudu,saint Pancrace,tm-wnsvi7uz,"apôtres, évangélistes, saints et saintes"
tm-dbs7u5ki,parabole de la drachme perdue,tm-dferfdbu,Bible
tm-dc7waxyt,massue,tm-smvsgy3q,armes
tm-dcbjbjbw,Inde,tm-codyk7ew,lieux
tm-dcihhq2y,baleine,tm-es22d6su,animaux
tm-dcpddw8q,paysage,tm-rjrpwa7c,éléments du paysage
tm-dcsnpz7b,saint Bruno,tm-wnsvi7uz,"apôtres, évangélistes, saints et saintes"
tm-ddmb65mm,Tobit aveuglé par la fiente d'un oiseau,tm-dferfdbu,Bible
tm-ddn3yjed,meuble,tm-kdmavf4s,meubles
tm-ddq4zm8r,Guillaume Durand,tm-chm6nfv2,personnages historiques litteraires et mythologiques
tm-ddr9rvsc,Justin Ier le Vieux,tm-chm6nfv2,personnages historiques litteraires et mythologiques
tm-ddsozxuz,gant,tm-boubjbok,"tissus, parures et accessoires"
tm-de2x8x4n,ferrage d'un âne,tm-t4ksxzbv,"agriculture, artisanat et commerce, vie quotidienne, calendrier"
tm-decvmg2d,vocation d'Élisée,tm-dferfdbu,Bible
tm-dedxo7vb,Job pardonnant à ses trois amis,tm-dferfdbu,Bible
tm-deiuz4hq,absinthe,tm-dgunamb6,végétaux
tm-dewwnqvk,animaux fantastiques à tête unique,tm-4cuzvu8k,"homme, animal, nature"
tm-dex6zaap,Baruch,tm-8dvxtncr,personnages de l'Ancien Testament
tm-df2xhqx9,Paradis (sujet),tm-dferfdbu,Bible
tm-df9ntffv,David prouvant qu'il a épargné Saül,tm-dferfdbu,Bible
tm-dfthn2fh,saint Gilles,tm-wnsvi7uz,"apôtres, évangélistes, saints et saintes"
tm-dgk5bg9d,vocation de saint Matthieu,tm-dferfdbu,Bible
tm-dgkdpcob,Tabita,tm-ka9s5rfg,personnages du Nouveau Testament
tm-dgsjnzxy,Carloman,tm-chm6nfv2,personnages historiques litteraires et mythologiques
tm-dgwas46s,constellation-persée,tm-paifj62y,cosmos
tm-dh7zhsew,prostitution,tm-ru4qcmye,sentiments et sexualite
tm-dhagnkfl,saint Valérien,tm-wnsvi7uz,"apôtres, évangélistes, saints et saintes"
tm-dhms29hx,roquette,tm-dgunamb6,végétaux
tm-dipecffb,saint Gabriel,tm-aww2uwsc,personnages divins ou surnaturels
tm-diyeejkk,cour pontificale,tm-juhs4qki,pouvoir (thèmes)
tm-dizfgxyt,chauve-souris,tm-es22d6su,animaux
tm-dj8h3jfv,saint Odon,tm-wnsvi7uz,"apôtres, évangélistes, saints et saintes"
tm-djebhop5,Gordien Ier l'Ancien,tm-chm6nfv2,personnages historiques litteraires et mythologiques
tm-djpomhcr,Ruth aux pieds de Booz endormi,tm-dferfdbu,Bible
tm-djsxiaye,théophanie,tm-h4mihrdw,divin et surnaturel
tm-dk9vxhsj,Naamân guéri de la lèpre dans le Jourdain,tm-dferfdbu,Bible
tm-dkejvms8,cerfeuil,tm-dgunamb6,végétaux
tm-dkglmy59,liage,tm-kgvsqwxd,activités rurales
tm-dkof9qzf,contrainte,tm-5ghnfhtz,relations entre personnages
tm-dkrat3hd,saint Adaucte,tm-wnsvi7uz,"apôtres, évangélistes, saints et saintes"
tm-dl43oaoy,Conrad IV,tm-chm6nfv2,personnages historiques litteraires et mythologiques
tm-dlkyf8py,Jeanne de Navarre,tm-chm6nfv2,personnages historiques litteraires et mythologiques
tm-dlnyl5hq,Nabuchodonosor,tm-8dvxtncr,personnages de l'Ancien Testament
tm-dlu4hbfq,sébile,tm-xhaodmx4,récipients et contenants
tm-dmjewrv3,litharge,tm-dgunamb6,végétaux
tm-dmmjw66x,apôtre,tm-wnsvi7uz,"apôtres, évangélistes, saints et saintes"
tm-dmmxwcie,oie,tm-es22d6su,animaux
tm-dmonovje,rave,tm-dgunamb6,végétaux
tm-dmudb66c,funérailles de la Vierge,tm-dferfdbu,Bible
tm-dmwyltwd,personnage agenouillé,tm-pqk44ebu,personnages
tm-dmz6ajre,homme s'apprêtant à tuer un bouc,tm-t4ksxzbv,"agriculture, artisanat et commerce, vie quotidienne, calendrier"
tm-dn6cwhoy,pluie,tm-nvexrnma,éléments naturels et intempéries
tm-dn96irxd,animal fantastique sur feuille,tm-4cuzvu8k,"homme, animal, nature"
tm-dnesfeaa,annonce à saint Joachim,tm-dferfdbu,Bible
tm-dnsnujgb,Floreius,tm-chm6nfv2,personnages historiques litteraires et mythologiques
tm-dntcjtgz,silence,tm-952iiyye,parole (thèmes)
tm-dnucswtd,poil,tm-voqsjov6,substances naturelles
tm-dnybmwps,tête animale crachant ou avalant,tm-4cuzvu8k,"homme, animal, nature"
tm-do5npkus,chérubin,tm-aww2uwsc,personnages divins ou surnaturels
tm-dojroj4q,Josué et les Hébreux traversant le Jourdain,tm-dferfdbu,Bible
tm-dokz4pwb,chandelière,tm-dgunamb6,végétaux
tm-doqybhct,ange musicien,tm-dferfdbu,Bible
tm-douzgchs,zédoaire,tm-dgunamb6,végétaux
tm-doxdzijv,juillet,tm-k7prxdpw,temps
tm-dp6pshcs,linceul,tm-ukd2sjju,objets liturgiques et funéraires
tm-dpjjmjjr,mercuriale,tm-dgunamb6,végétaux
tm-dpjjsefo,caducée,tm-e37knvgu,insignes
tm-dpnpgalt,expulsion,tm-5ghnfhtz,relations entre personnages
tm-dpqcp8mr,Vulcain,tm-chm6nfv2,personnages historiques litteraires et mythologiques
tm-dpybthxv,entonnoir,tm-hnxe45cj,objets domestiques
tm-dqcmfz3z,baume,tm-voqsjov6,substances naturelles
tm-dqt4xy6e,reine d'Angleterre,tm-kdmndh48,catégories sociales et peuples
tm-dqtvaofc,Polyxène,tm-chm6nfv2,personnages historiques litteraires et mythologiques
tm-drtpmh2p,muet,tm-clb8u2vx,état du corps et de l'être
tm-dshbw32d,animal fantastique replié sur lui-même,tm-4cuzvu8k,"homme, animal, nature"
tm-dsmkqfud,Lothaire Ier,tm-chm6nfv2,personnages historiques litteraires et mythologiques
tm-dsp5u6t6,taro,tm-dgunamb6,végétaux
tm-dsyatzog,mort de saint Hilaire,tm-yl47emxq,saints et saintes
tm-dtanprxl,astrolabe,tm-8w59dqrj,instruments de mesure
tm-dthfytjd,festin du riche,tm-dferfdbu,Bible
tm-dtj9rugp,géographie,tm-ceentecm,étude et savoir
tm-dtleunnz,Jonathan Maccabée recevant les messagers de Démetrius,tm-dferfdbu,Bible
tm-dtoam6yz,cigogne,tm-es22d6su,animaux
tm-dtorrecs,Bacchus,tm-chm6nfv2,personnages historiques litteraires et mythologiques
tm-dtyba2pn,Christ apaisant la tempête,tm-dferfdbu,Bible
tm-du2ehc82,Josué et le transport de l'Arche d'Alliance,tm-dferfdbu,Bible
tm-du5tk9sg,Charles Ier d'Anjou,tm-chm6nfv2,personnages historiques litteraires et mythologiques
tm-dup8mnnv,femme de l'Apocalypse attaquée par le dragon,tm-dferfdbu,Bible
tm-dupmztyj,polypode,tm-dgunamb6,végétaux
tm-duxo4cw7,Moïse,tm-8dvxtncr,personnages de l'Ancien Testament
tm-dv6pnnjg,soufre,tm-voqsjov6,substances naturelles
tm-dv93fyvx,châtiment du mensonge,tm-qhhmbog9,vertus et vices (sujets)
tm-dvozmvsk,apôtres transportés au chevet de la Vierge,tm-dferfdbu,Bible
tm-dvyydnzm,Joseph comparaissant devant Pharaon,tm-dferfdbu,Bible
tm-dvzqfrdg,Arcadius,tm-chm6nfv2,personnages historiques litteraires et mythologiques
tm-dw2xu525,asphodèle royal,tm-dgunamb6,végétaux
tm-dw3at2dl,brouette,tm-9xdig6kt,outils et instruments divers
tm-dwz7anb8,saint Laurent sur le gril,tm-yl47emxq,saints et saintes
tm-dx2axnam,mai,tm-k7prxdpw,temps
tm-dxdlsbmd,saint Jean écrivant à l'église de Laodicée,tm-dferfdbu,Bible
tm-dxjmfdbj,damier,tm-cbnhsoso,jeux
tm-dxnmbhem,fleuves du Paradis,tm-codyk7ew,lieux
tm-dxvq4qgr,roi de Macédoine,tm-kdmndh48,catégories sociales et peuples
tm-dyaij9hd,guêpier,tm-es22d6su,animaux
tm-dyatoszd,saint Sennen,tm-wnsvi7uz,"apôtres, évangélistes, saints et saintes"
tm-dyd2nc6u,grande valériane,tm-dgunamb6,végétaux
tm-dydzjc4k,dominations,tm-aww2uwsc,personnages divins ou surnaturels
tm-dyq48ung,sainte Radegonde remerciée par les prisonniers libérés,tm-yl47emxq,saints et saintes
tm-dytb4uap,Constantin le Grand à cheval,tm-pqk44ebu,personnages
tm-dywg2k7q,radieuse,tm-dgunamb6,végétaux
tm-dzl7mvhj,dragon,tm-es22d6su,animaux
tm-dzsm2nrn,automne,tm-k7prxdpw,temps
tm-dzu9mu8z,logique,tm-ceentecm,étude et savoir
tm-dzymezzi,sainte Foy prosternée devant Dieu,tm-yl47emxq,saints et saintes
tm-dzzguznf,Artaxerxès,tm-chm6nfv2,personnages historiques litteraires et mythologiques
tm-dzzsd2mh,sultan,tm-kdmndh48,catégories sociales et peuples
tm-e294fgoq,chèvre,tm-es22d6su,animaux
tm-e2bvbzrb,saint Vincent de Paul,tm-wnsvi7uz,"apôtres, évangélistes, saints et saintes"
tm-e2ozipby,Nerva,tm-chm6nfv2,personnages historiques litteraires et mythologiques
tm-e2xyvycn,parabole du bon grain et de l'ivraie,tm-dferfdbu,Bible
tm-e33fmhhf,baptistère,tm-dtfhjmhe,éléments d'architecture
tm-e3pz4k9x,Fraifrède,tm-chm6nfv2,personnages historiques litteraires et mythologiques
tm-e3vkdp7h,David condamnant au silence,tm-dferfdbu,Bible
tm-e3zmxnxt,Ovide,tm-chm6nfv2,personnages historiques litteraires et mythologiques
tm-e4gdmwpi,Anne mère de Tobie,tm-8dvxtncr,personnages de l'Ancien Testament
tm-e4hvp5xc,hommage,tm-juhs4qki,pouvoir (thèmes)
tm-e4i44tbm,Tibère II,tm-chm6nfv2,personnages historiques litteraires et mythologiques
tm-e4tn5ts9,Aaron,tm-8dvxtncr,personnages de l'Ancien Testament
tm-e4yz9z6z,uranoscope,tm-es22d6su,animaux
tm-e57dnqej,Pierre le Chantre,tm-chm6nfv2,personnages historiques litteraires et mythologiques
tm-e5f2ebva,abbesse,tm-gie9c6et,clercs et statuts religieux
tm-e5gegngl,lama,tm-es22d6su,animaux
tm-e5nhesnv,fourmi indienne,tm-es22d6su,animaux
tm-e5smizby,assèchement,tm-kgvsqwxd,activités rurales
tm-e6a4auws,prophétie de Sophonie : destruction de Ninive,tm-dferfdbu,Bible
tm-e6geqgru,prie-dieu,tm-ukd2sjju,objets liturgiques et funéraires
tm-e6nmw8m2,cinquième trompette de l'Apocalypse : sauterelles à tête humaine,tm-dferfdbu,Bible
tm-e74mzbtw,bouvreuil,tm-es22d6su,animaux
tm-e7dpiirb,investiture,tm-qaccoaqf,sacrements et rituels
tm-e8j9oa98,Philippe II Auguste,tm-chm6nfv2,personnages historiques litteraires et mythologiques
tm-e8su99zt,prince,tm-kdmndh48,catégories sociales et peuples
tm-e8yquhqz,son,tm-sjsrgabv,vie corporelle
tm-e9gh4c3u,saint Pierre et saint Jean au tombeau du Christ,tm-dferfdbu,Bible
tm-e9kex2hj,Cana,tm-codyk7ew,lieux
tm-e9uxwnmv,saint Denis l'Aréopagite,tm-wnsvi7uz,"apôtres, évangélistes, saints et saintes"
tm-e9v4ar2g,cerise,tm-dgunamb6,végétaux
tm-eaeqvspl,chasuble,tm-ukd2sjju,objets liturgiques et funéraires
tm-eaqs37ih,hospitalité,tm-5ghnfhtz,relations entre personnages
tm-earbjgoe,évangéliste,tm-wnsvi7uz,"apôtres, évangélistes, saints et saintes"
tm-easkzrk2,Virgile,tm-chm6nfv2,personnages historiques litteraires et mythologiques
tm-eazkvkos,Ptolémée,tm-chm6nfv2,personnages historiques litteraires et mythologiques
tm-eb9vua5q,jardinier,tm-kdmndh48,catégories sociales et peuples
tm-ebbeyuxy,partage,tm-akjcakin,"dons, échanges et mesures"
tm-ebdjvcqy,poire,tm-dgunamb6,végétaux
tm-ebeeqdhh,Goliath,tm-8dvxtncr,personnages de l'Ancien Testament
tm-ebejcfh8,résurrection d'un mort sur la tombe d'Élisée,tm-dferfdbu,Bible
tm-ebi56wst,printemps,tm-k7prxdpw,temps
tm-ec7e7dqn,couronnement de la Vierge,tm-dferfdbu,Bible
tm-ec9kahfv,lac de Tibériade,tm-codyk7ew,lieux
tm-ecaozumt,oignon,tm-dgunamb6,végétaux
tm-eckf8ufy,Adam donnant leurs noms aux animaux,tm-dferfdbu,Bible
tm-ecydndcw,Cassandre,tm-chm6nfv2,personnages historiques litteraires et mythologiques
tm-ecyju8ma,clou de girofle,tm-dgunamb6,végétaux
tm-eda4wknd,saint Augustin,tm-wnsvi7uz,"apôtres, évangélistes, saints et saintes"
tm-edsumrvp,arbre sec,tm-dgunamb6,végétaux
tm-edtp6tuz,ivresse de Noé,tm-dferfdbu,Bible
tm-edv9mxjq,lapidation de Jérémie,tm-dferfdbu,Bible
tm-edwy5bgd,Jubal,tm-8dvxtncr,personnages de l'Ancien Testament
tm-edxkd4fq,constellation-chien,tm-paifj62y,cosmos
tm-edzrxets,tête fantastique tirant la langue,tm-pqk44ebu,personnages
tm-eedbjbhi,constellation-cassiopée,tm-paifj62y,cosmos
tm-eeeigsnx,saint Symphorien,tm-wnsvi7uz,"apôtres, évangélistes, saints et saintes"
tm-eeismfst,oiseaux à tête unique,tm-4cuzvu8k,"homme, animal, nature"
tm-efayoqgh,conversion,tm-pxcro3sy,attitudes religieuses
tm-efd4dcya,outarde,tm-es22d6su,animaux
tm-efugfnge,vertu personnifiée,tm-qhhmbog9,vertus et vices (sujets)
tm-efumv9dg,naissance,tm-nrthhnsw,naissance et mort
tm-efvqujfg,guide,tm-hmgjebc8,déplacements
tm-egajrezh,vache,tm-es22d6su,animaux
tm-egdflbsl,saint Félix de Nole,tm-wnsvi7uz,"apôtres, évangélistes, saints et saintes"
tm-eggj4jh6,trésor,tm-xhaodmx4,récipients et contenants
tm-egs4rvfa,autour,tm-es22d6su,animaux
tm-eh5gtpzc,Pléiades,tm-chm6nfv2,personnages historiques litteraires et mythologiques
tm-ehetqxs2,flûte de Pan,tm-adjk7xgi,instruments de musique
tm-ehhtellu,saint Lazare,tm-wnsvi7uz,"apôtres, évangélistes, saints et saintes"
tm-ehl4mchd,fontaine,tm-dtfhjmhe,éléments d'architecture
tm-ehokjs3c,massacre des prêtres de Baal,tm-dferfdbu,Bible
tm-eht72zgw,saint Amand,tm-wnsvi7uz,"apôtres, évangélistes, saints et saintes"
tm-ehwoktqy,Judith en prière,tm-dferfdbu,Bible
tm-eib3a6dm,Cléopâtre,tm-chm6nfv2,personnages historiques litteraires et mythologiques
tm-eitxtnkh,taille,tm-kgvsqwxd,activités rurales
tm-eiugmfdk,menace,tm-5ghnfhtz,relations entre personnages
tm-eivq9xdw,four,tm-dtfhjmhe,éléments d'architecture
tm-eiwhpzy7,Constantin II le Jeune,tm-chm6nfv2,personnages historiques litteraires et mythologiques
tm-ej4ks7qq,péché originel,tm-mxk5b5af,vertus et vices (thèmes)
tm-ejdrmwck,saint Savin et saint Cyprien déchirés par des crochets,tm-yl47emxq,saints et saintes
tm-ejm4mzsy,anges autour d'une gloire,tm-dferfdbu,Bible
tm-ejmsuc7w,armée céleste en guerre contre le faux prophète de l'Apocalypse,tm-dferfdbu,Bible
tm-ejnelnx9,saint Joseph d'Arimathie,tm-wnsvi7uz,"apôtres, évangélistes, saints et saintes"
tm-ejxcx7ec,marchand,tm-kdmndh48,catégories sociales et peuples
tm-eke6sdfq,houe,tm-9xdig6kt,outils et instruments divers
tm-ekee45vo,saint Marc,tm-wnsvi7uz,"apôtres, évangélistes, saints et saintes"
tm-ekfz4z5u,danse,tm-n4nxt6at,activités sociales et festives
tm-ekj5fmyx,règle monastique,tm-qaccoaqf,sacrements et rituels
tm-ekky472z,"Elqana, ses deux femmes et ses enfants",tm-dferfdbu,Bible
tm-ekpqydaz,paille,tm-dgunamb6,végétaux
tm-ekvwetkc,oiseaux adossés,tm-4cuzvu8k,"homme, animal, nature"
tm-ekxitbwn,Pergame,tm-codyk7ew,lieux
tm-elamhwca,Christ triomphant du lion et du dragon,tm-dferfdbu,Bible
tm-elbvptju,Christ au jardin des oliviers,tm-dferfdbu,Bible
tm-elclttqx,Christ ressuscitant la fille de Jaïre,tm-dferfdbu,Bible
tm-eljdnkb8,ange de Pergame,tm-dferfdbu,Bible
tm-eln9yxbm,fossoyeur,tm-kdmndh48,catégories sociales et peuples
tm-elpm66mg,Alcuin,tm-chm6nfv2,personnages historiques litteraires et mythologiques
tm-eltb2pgh,lapidation,tm-twr3g7gr,peines corporelles et chatiments
tm-elwssuev,grias,tm-dgunamb6,végétaux
tm-em5c43p2,Égisthe,tm-chm6nfv2,personnages historiques litteraires et mythologiques
tm-em9zurfv,mariage de Tobie et Sarra,tm-dferfdbu,Bible
tm-emeduxnn,catapulte,tm-smvsgy3q,armes
tm-emjujykg,onction,tm-qaccoaqf,sacrements et rituels
tm-emntsvyu,témoin de l'Apocalypse,tm-ka9s5rfg,personnages du Nouveau Testament
tm-emnu5exp,génuflexion,tm-pxcro3sy,attitudes religieuses
tm-emtachgn,sainte Eustochie,tm-wnsvi7uz,"apôtres, évangélistes, saints et saintes"
tm-emwshtbq,dé,tm-cbnhsoso,jeux
tm-en7zt9aq,saint Maur de Glanfeuil,tm-wnsvi7uz,"apôtres, évangélistes, saints et saintes"
tm-enappawz,Ruben,tm-8dvxtncr,personnages de l'Ancien Testament
tm-enmtajew,pallium,tm-ukd2sjju,objets liturgiques et funéraires
tm-enne2kaq,saint Savin et saint Cyprien comparaissant devant Ladicius,tm-yl47emxq,saints et saintes
tm-eo7kucrb,conspiration des Juifs contre le Christ,tm-dferfdbu,Bible
tm-eoddgais,boîte,tm-xhaodmx4,récipients et contenants
tm-eootxnmr,saint Anub,tm-wnsvi7uz,"apôtres, évangélistes, saints et saintes"
tm-ep4eggul,tuyau,tm-9xdig6kt,outils et instruments divers
tm-epassppe,personnage fantastique,tm-pqk44ebu,personnages
tm-epgsewhv,pierre d'éponge,tm-voqsjov6,substances naturelles
tm-epnlbewg,Otton IV de Brunswick,tm-chm6nfv2,personnages historiques litteraires et mythologiques
tm-eppjfp5g,paiement,tm-akjcakin,"dons, échanges et mesures"
tm-eprjyt9w,loutre,tm-es22d6su,animaux
tm-epvhtnm6,Briséis,tm-chm6nfv2,personnages historiques litteraires et mythologiques
tm-epvmizyu,noix vomique,tm-dgunamb6,végétaux
tm-epxjbckb,saint Maximin de Micy,tm-wnsvi7uz,"apôtres, évangélistes, saints et saintes"
tm-eq5unrgk,saint Jean écrivant à l'église de Pergame,tm-dferfdbu,Bible
tm-eq6v6wmz,labourage,tm-kgvsqwxd,activités rurales
tm-eqbry9hs,fou,tm-clb8u2vx,état du corps et de l'être
tm-eqktgvst,Job et ses trois amis,tm-dferfdbu,Bible
tm-eqnskbnq,arbre,tm-dgunamb6,végétaux
tm-eqy4xntw,Balaam et l'ânesse arrêtés par un ange,tm-dferfdbu,Bible
tm-er7b9xjh,écriture,tm-ceentecm,étude et savoir
tm-ercwejew,Charles III le Simple,tm-chm6nfv2,personnages historiques litteraires et mythologiques
tm-erprxw4q,saint Cyrille de Jérusalem,tm-wnsvi7uz,"apôtres, évangélistes, saints et saintes"
tm-eryqtdxp,Valentinien Ier,tm-chm6nfv2,personnages historiques litteraires et mythologiques
tm-esczdm2g,Isaïe guérissant Ézéchias,tm-dferfdbu,Bible
tm-esfedvxq,Verus,tm-chm6nfv2,personnages historiques litteraires et mythologiques
tm-eskae6wc,temple antique,tm-dtfhjmhe,éléments d'architecture
tm-esktqtq4,saint Jean abbé,tm-wnsvi7uz,"apôtres, évangélistes, saints et saintes"
tm-esv94uqw,Néhémie apprenant les malheurs des Hébreux,tm-dferfdbu,Bible
tm-esybbkqs,saint Philippe,tm-wnsvi7uz,"apôtres, évangélistes, saints et saintes"
tm-etdur2hw,personnage allongé,tm-pqk44ebu,personnages
tm-ettdtvvj,tisserand,tm-kdmndh48,catégories sociales et peuples
tm-etxumcjf,saint Boniface de Tarse,tm-wnsvi7uz,"apôtres, évangélistes, saints et saintes"
tm-eu3btc9w,ange de Sardes,tm-dferfdbu,Bible
tm-eumhtcyj,incendie,tm-UNK,événéments naturels
tm-evd45j6w,Pharamon,tm-chm6nfv2,personnages historiques litteraires et mythologiques
tm-evxnhdr6,lait,tm-xz4pq72a,corps humain et animal
tm-evxpt8qm,défrichement,tm-kgvsqwxd,activités rurales
tm-evzlan58,heaume,tm-smvsgy3q,armes
tm-ew84lsf2,clou,tm-9xdig6kt,outils et instruments divers
tm-eweb7pnj,animal terrestre stylophore,tm-4cuzvu8k,"homme, animal, nature"
tm-ewgn6jzq,miction,tm-sjsrgabv,vie corporelle
tm-ewqdtcij,acrobate entre deux animaux,tm-pqk44ebu,personnages
tm-ewtkhvz8,meurtre des deux témoins de l'Apocalypse,tm-dferfdbu,Bible
tm-ewtp9vll,sainte Radegonde servant les pauvres à table,tm-yl47emxq,saints et saintes
tm-ewxwkq9d,saint Éloi,tm-wnsvi7uz,"apôtres, évangélistes, saints et saintes"
tm-ewz4jaek,fourche,tm-9xdig6kt,outils et instruments divers
tm-ex9hl7ma,animal fantastique couché,tm-4cuzvu8k,"homme, animal, nature"
tm-exaqrgmy,onction de la pierre par Jacob,tm-dferfdbu,Bible
tm-exbe9yfy,Childéric Ier,tm-chm6nfv2,personnages historiques litteraires et mythologiques
tm-exhwdwhu,passage de la mer Rouge,tm-dferfdbu,Bible
tm-exqwtzeu,saint Jean-Baptiste,tm-wnsvi7uz,"apôtres, évangélistes, saints et saintes"
tm-extc2tya,diables et damnés,tm-dferfdbu,Bible
tm-exvdsjhf,pic,tm-es22d6su,animaux
tm-exwgd4st,ruche,tm-uyvtjqdl,objets liés à l'animal
tm-exybylaf,mariage de Booz et Ruth,tm-dferfdbu,Bible
tm-eybss9mu,poulie,tm-9xdig6kt,outils et instruments divers
tm-eyfxkrzp,compas,tm-8w59dqrj,instruments de mesure
tm-ezdizhcw,Diable,tm-aww2uwsc,personnages divins ou surnaturels
tm-ezfpjomm,saint Sulpice le Bon,tm-wnsvi7uz,"apôtres, évangélistes, saints et saintes"
tm-eznjiuun,plume,tm-voqsjov6,substances naturelles
tm-ezsvrvhv,ronce,tm-dgunamb6,végétaux
tm-f2tjsrfh,tête animale zoophage,tm-4cuzvu8k,"homme, animal, nature"
tm-f333e4ul,constellation-loup,tm-paifj62y,cosmos
tm-f3u2dyva,saint Taurin partant pour les Gaules avec saint Denis,tm-yl47emxq,saints et saintes
tm-f4sqsvcv,Vierge,tm-wnsvi7uz,"apôtres, évangélistes, saints et saintes"
tm-f4yzszsu,Europe,tm-codyk7ew,lieux
tm-f57tu5bi,masse d'arme,tm-smvsgy3q,armes
tm-f5kxzyfh,idôlatre,tm-gie9c6et,clercs et statuts religieux
tm-f5odbnfu,Samson enlevant les portes de Gaza,tm-dferfdbu,Bible
tm-f5ufypbx,saint Pancrace décapité,tm-yl47emxq,saints et saintes
tm-f6engmxf,cyclamen,tm-dgunamb6,végétaux
tm-f6mxc76f,sainte Catherine,tm-wnsvi7uz,"apôtres, évangélistes, saints et saintes"
tm-f6ok5hcj,Alexandre de Hales,tm-chm6nfv2,personnages historiques litteraires et mythologiques
tm-f7ixh9g3,départ,tm-hmgjebc8,déplacements
tm-f7xajrhj,portier,tm-gie9c6et,clercs et statuts religieux
tm-f84sfkpa,tricéphale (animal),tm-es22d6su,animaux
tm-f8of5q4f,immortelle staechade,tm-dgunamb6,végétaux
tm-f98ijsoq,personnage sifflant,tm-pqk44ebu,personnages
tm-f9r4mc79,sauge,tm-dgunamb6,végétaux
tm-f9vulfer,lion stylophore,tm-4cuzvu8k,"homme, animal, nature"
tm-f9yzdj4l,sarriette,tm-dgunamb6,végétaux
tm-fa2rsnuh,Marino Sanudo,tm-chm6nfv2,personnages historiques litteraires et mythologiques
tm-facqrre5,butor,tm-es22d6su,animaux
tm-fagvkhhb,gourmandise,tm-mxk5b5af,vertus et vices (thèmes)
tm-famakfyh,saint Zénon,tm-wnsvi7uz,"apôtres, évangélistes, saints et saintes"
tm-fap2uw3x,harnachement,tm-uyvtjqdl,objets liés à l'animal
tm-fapu4eye,personnage aux mains jointes,tm-pqk44ebu,personnages
tm-fapyccec,bétoine,tm-dgunamb6,végétaux
tm-fbajnnhp,crucifix,tm-njgn49nx,images
tm-fbpmej54,maiestas domini,tm-dferfdbu,Bible
tm-fc3hewga,saint Julien l'hospitalier,tm-wnsvi7uz,"apôtres, évangélistes, saints et saintes"
tm-fc6zyvtw,Judith décapitant Holopherne,tm-dferfdbu,Bible
tm-fcdsbjnr,couronne végétale,tm-e37knvgu,insignes
tm-fceuoppv,bois coupé,tm-dgunamb6,végétaux
tm-fdd3nzsv,anacarde,tm-dgunamb6,végétaux
tm-fdf2svtk,Job éprouvé par sa femme,tm-dferfdbu,Bible
tm-fdjbbyqw,Judith,tm-8dvxtncr,personnages de l'Ancien Testament
tm-fdp2qovb,lion arrière-train dressé,tm-4cuzvu8k,"homme, animal, nature"
tm-fduug2xs,saint Bernard,tm-wnsvi7uz,"apôtres, évangélistes, saints et saintes"
tm-fduvdddt,fer,tm-voqsjov6,substances naturelles
tm-fdvxvhlt,animaux fantastiques en file,tm-4cuzvu8k,"homme, animal, nature"
tm-fearfpnc,reproches de saint Jean-Baptiste à Hérode Antipas,tm-dferfdbu,Bible
tm-feckmfoe,défaite de la Bête de l'Apocalypse,tm-dferfdbu,Bible
tm-fedz9qwr,férule,tm-dgunamb6,végétaux
tm-fehyzzhe,cerf,tm-es22d6su,animaux
tm-fekdksbq,chute des anges,tm-dferfdbu,Bible
tm-femm8zt9,Ézéchiel pesant ses poils et ses cheveux,tm-dferfdbu,Bible
tm-femqgmrh,char,tm-qhsmnjeu,moyens de transport
tm-fepd7eeg,naissance d'Isaac,tm-dferfdbu,Bible
tm-feygm5h3,preuve,tm-qmpqymzm,justice (thèmes)
tm-fezyf5bu,Dieu confiant sa mission à saint Gabriel,tm-dferfdbu,Bible
tm-ff3bvate,noyade de Pharaon,tm-dferfdbu,Bible
tm-ff6zpaxt,saint Fortunat écrivant le prologue de l'histoire de sainte Radegonde,tm-yl47emxq,saints et saintes
tm-ff8dyvd5,Ochozias,tm-8dvxtncr,personnages de l'Ancien Testament
tm-ffdfo6ff,saint Barnabé,tm-wnsvi7uz,"apôtres, évangélistes, saints et saintes"
tm-ffmc4rvj,planète,tm-paifj62y,cosmos
tm-ffnkhaa4,fusain,tm-dgunamb6,végétaux
tm-fgzucmqf,renoncement,tm-pxcro3sy,attitudes religieuses
tm-fhdoxok8,centaure,tm-es22d6su,animaux
tm-fhmxnpgh,sainte Ursule,tm-wnsvi7uz,"apôtres, évangélistes, saints et saintes"
tm-fhnmgtz5,Geoffroy de Monmouth,tm-chm6nfv2,personnages historiques litteraires et mythologiques
tm-fhtxmejy,transport de l'Arche d'Alliance à Jérusalem,tm-dferfdbu,Bible
tm-fhwrtvqb,lion ailé,tm-es22d6su,animaux
tm-fhygwvhh,communion,tm-qaccoaqf,sacrements et rituels
tm-fi5s3c73,Boniface VIII,tm-chm6nfv2,personnages historiques litteraires et mythologiques
tm-fimjfcau,Mars (personnage),tm-chm6nfv2,personnages historiques litteraires et mythologiques
tm-finpesrq,Jacob et l'ange combattant,tm-dferfdbu,Bible
tm-fj23v7mu,Saül (personnage de l'Ancien Testament),tm-8dvxtncr,personnages de l'Ancien Testament
tm-fj3jrlq5,Arius,tm-chm6nfv2,personnages historiques litteraires et mythologiques
tm-fjaxcxkq,sein d'Abraham,tm-codyk7ew,lieux
tm-fjd4zcsu,lynx,tm-es22d6su,animaux
tm-fjg9cars,acacia,tm-dgunamb6,végétaux
tm-fjs5dpnz,naissance de la Vierge,tm-dferfdbu,Bible
tm-fkc76wdl,Démétrios,tm-chm6nfv2,personnages historiques litteraires et mythologiques
tm-fkhkapi3,saint Pierre prêchant,tm-yl47emxq,saints et saintes
tm-fkjmdoj5,Isaïe,tm-8dvxtncr,personnages de l'Ancien Testament
tm-fksstiny,vieillard de l'Apocalypse,tm-ka9s5rfg,personnages du Nouveau Testament
tm-fku9bvtt,fouet,tm-smvsgy3q,armes
tm-fkw9ztpa,tarentule,tm-es22d6su,animaux
tm-fkwpwu3x,Ménélas,tm-chm6nfv2,personnages historiques litteraires et mythologiques
tm-flj6xnra,calebasse,tm-dgunamb6,végétaux
tm-fmbjaevc,Mikal se moquant de David,tm-dferfdbu,Bible
tm-fmc56drs,Jason,tm-chm6nfv2,personnages historiques litteraires et mythologiques
tm-fmkvqnvh,verge du pasteur,tm-dgunamb6,végétaux
tm-fmxv6ldf,richesse,tm-akjcakin,"dons, échanges et mesures"
tm-fmytavcm,phylactère,tm-u3gxy5k2,écrits
tm-fnc5aoyb,patience,tm-mxk5b5af,vertus et vices (thèmes)
tm-fndjwgzx,Amanieu d'Albret,tm-chm6nfv2,personnages historiques litteraires et mythologiques
tm-fnhua3hp,oiseau mordant du feuillage,tm-4cuzvu8k,"homme, animal, nature"
tm-fnqtksya,planète Jupiter,tm-paifj62y,cosmos
tm-fnr5ebmp,Hérodiade,tm-ka9s5rfg,personnages du Nouveau Testament
tm-fnttxf59,rhétorique,tm-ceentecm,étude et savoir
tm-fnxmqtwv,sainte Radegonde prosternée à côté du lit conjugal,tm-yl47emxq,saints et saintes
tm-fnxqqjap,cynocéphale,tm-xd3qz4bt,personnages fantastiques et monstres
tm-folkefb3,moineau,tm-es22d6su,animaux
tm-forapbhz,arche d'alliance,tm-ukd2sjju,objets liturgiques et funéraires
tm-fp69cpx6,saint Cyrille,tm-wnsvi7uz,"apôtres, évangélistes, saints et saintes"
tm-fpdeuj8w,roseau,tm-dgunamb6,végétaux
tm-fpgb8wit,saint André,tm-wnsvi7uz,"apôtres, évangélistes, saints et saintes"
tm-fpgmj3zt,Salomé portant la tête de saint Jean-Baptiste,tm-dferfdbu,Bible
tm-fpmjpxku,Jacob,tm-8dvxtncr,personnages de l'Ancien Testament
tm-fpndxwgm,louve,tm-es22d6su,animaux
tm-fptqa7ub,couture,tm-yvy9sjme,activités artisanales
tm-fq5vdxv6,buglosse,tm-dgunamb6,végétaux
tm-fqasdntn,Jupiter,tm-chm6nfv2,personnages historiques litteraires et mythologiques
tm-fqcixgzk,défécation,tm-sjsrgabv,vie corporelle
tm-fqdxnzur,incinération,tm-nrthhnsw,naissance et mort
tm-fqpi4x5k,Argus,tm-chm6nfv2,personnages historiques litteraires et mythologiques
tm-fqsmj9hi,Rome,tm-codyk7ew,lieux
tm-fr9zzh6y,mariage d'Adam et Ève,tm-dferfdbu,Bible
tm-frdvrduw,Christ comparaissant devant Hérode Antipas,tm-dferfdbu,Bible
tm-fre5upqr,Uzza touchant l'Arche d'Alliance et frappé de mort,tm-dferfdbu,Bible
tm-frhbvqvu,coton,tm-dgunamb6,végétaux
tm-frik9sty,sainte Agathe,tm-wnsvi7uz,"apôtres, évangélistes, saints et saintes"
tm-frlbuzh7,calendrier,tm-k7prxdpw,temps
tm-frlr9mtd,passule,tm-dgunamb6,végétaux
tm-frnugdf2,cloche,tm-adjk7xgi,instruments de musique
tm-frqmrgrw,Éros,tm-chm6nfv2,personnages historiques litteraires et mythologiques
tm-frszntoo,Pentecôte,tm-dferfdbu,Bible
tm-fs9nn4kw,noix,tm-dgunamb6,végétaux
tm-fseysrpg,saint Gaudens,tm-wnsvi7uz,"apôtres, évangélistes, saints et saintes"
tm-fsgbkpce,janvier,tm-k7prxdpw,temps
tm-fsjjuwkx,pressage,tm-kgvsqwxd,activités rurales
tm-fskhypr9,saint Sylvestre Ier,tm-wnsvi7uz,"apôtres, évangélistes, saints et saintes"
tm-fsnskbgl,idolâtrie,tm-pxcro3sy,attitudes religieuses
tm-ft4aandv,jarre,tm-xhaodmx4,récipients et contenants
tm-fth3tbyr,hippocampe,tm-es22d6su,animaux
tm-ftznppi9,crucifixion du Christ,tm-dferfdbu,Bible
tm-fucpr4e8,songe de Daniel : les quatre animaux,tm-dferfdbu,Bible
tm-fuffwksh,Abigayil intercédant auprès de David,tm-dferfdbu,Bible
tm-fuqxzis5,vision d'Ézéchiel : dieu et les quatre vivants,tm-dferfdbu,Bible
tm-fuzhdjgg,prophétie de Balaam,tm-dferfdbu,Bible
tm-fuzmwz6g,femme de l'Apocalypse recevant des ailes pour fuir le dragon,tm-dferfdbu,Bible
tm-fvdytdct,trônes,tm-aww2uwsc,personnages divins ou surnaturels
tm-fvetk3ns,annonce à Eutitia,tm-yl47emxq,saints et saintes
tm-fvr3scal,Constance II,tm-chm6nfv2,personnages historiques litteraires et mythologiques
tm-fvvvzy6y,cor,tm-adjk7xgi,instruments de musique
tm-fw3htmg4,chapelet,tm-ukd2sjju,objets liturgiques et funéraires
tm-fw5aa9bo,persicaire,tm-dgunamb6,végétaux
tm-fwavacqc,extrême-onction,tm-qaccoaqf,sacrements et rituels
tm-fwefiazw,Lamek,tm-8dvxtncr,personnages de l'Ancien Testament
tm-fwmpes5x,saint Savin supplicié par la roue,tm-yl47emxq,saints et saintes
tm-fwmwiymk,prophétie de Joël,tm-dferfdbu,Bible
tm-fwnp2ekv,Merlin,tm-chm6nfv2,personnages historiques litteraires et mythologiques
tm-fwrnui8f,pain,tm-b9hasrrk,aliments
tm-fwwajboo,vocation de saint Jacques et saint Jean,tm-dferfdbu,Bible
tm-fwwnetvr,saint Quentin comparaissant devant Rictiovar,tm-yl47emxq,saints et saintes
tm-fx9quzna,Vierge intercédant auprès du christ,tm-dferfdbu,Bible
tm-fxdqp5xu,Christ guérissant un lépreux,tm-dferfdbu,Bible
tm-fxr7ghmw,coucou,tm-es22d6su,animaux
tm-fxtku2cf,bêchage,tm-kgvsqwxd,activités rurales
tm-fyaprf8g,chanoine,tm-gie9c6et,clercs et statuts religieux
tm-fyf3ctpz,narcisse,tm-dgunamb6,végétaux
tm-fyjt6nwo,dragon combattant,tm-4cuzvu8k,"homme, animal, nature"
tm-fyvg2kbv,prisonnier,tm-kdmndh48,catégories sociales et peuples
tm-fywh9vu9,Gédéon et la sélection des soldats,tm-dferfdbu,Bible
tm-fyww27ay,Christ portant la croix,tm-dferfdbu,Bible
tm-fyyhdcym,éléphants affrontés,tm-4cuzvu8k,"homme, animal, nature"
tm-fz2pswmg,arc-en-ciel,tm-nvexrnma,éléments naturels et intempéries
tm-fzi4upvh,marmotte,tm-es22d6su,animaux
tm-fzijdknk,saint Julien du Mans debout,tm-yl47emxq,saints et saintes
tm-fzjufq6d,chaîne,tm-9xdig6kt,outils et instruments divers
tm-fzl7cqgs,chatte,tm-es22d6su,animaux
tm-fzrqzfmb,Calchas,tm-chm6nfv2,personnages historiques litteraires et mythologiques
tm-fzwqvyfu,saint Zacharie,tm-wnsvi7uz,"apôtres, évangélistes, saints et saintes"
tm-fzxsdn4x,sainte Élisabeth de Hongrie,tm-wnsvi7uz,"apôtres, évangélistes, saints et saintes"
tm-g26gbum3,personnage combattant un dragon,tm-pqk44ebu,personnages
tm-g2bjq3bq,opopanax,tm-dgunamb6,végétaux
tm-g2yn6cca,silure,tm-es22d6su,animaux
tm-g3ij59zn,ogre,tm-xd3qz4bt,personnages fantastiques et monstres
tm-g3knrtee,décan III,tm-paifj62y,cosmos
tm-g3shdfgs,église (architecture),tm-dtfhjmhe,éléments d'architecture
tm-g3xkkpxp,Éphraïm,tm-8dvxtncr,personnages de l'Ancien Testament
tm-g3ykmnym,Boccace,tm-chm6nfv2,personnages historiques litteraires et mythologiques
tm-g4cup98t,ours,tm-es22d6su,animaux
tm-g4f6amwc,négligence,tm-mxk5b5af,vertus et vices (thèmes)
tm-g4jaeoyj,Belzebuth,tm-dferfdbu,Bible
tm-g4k22jdq,Dieu-main,tm-aww2uwsc,personnages divins ou surnaturels
tm-g4qqthqd,Samuel et les anciens d'Israël,tm-dferfdbu,Bible
tm-g5fnnh74,Dèce,tm-chm6nfv2,personnages historiques litteraires et mythologiques
tm-g5gvbupi,Lévi,tm-8dvxtncr,personnages de l'Ancien Testament
tm-g5iqdaq3,Céphée,tm-chm6nfv2,personnages historiques litteraires et mythologiques
tm-g6k9sgvc,saint Longin,tm-wnsvi7uz,"apôtres, évangélistes, saints et saintes"
tm-g6weelfz,saint Hippolyte,tm-wnsvi7uz,"apôtres, évangélistes, saints et saintes"
tm-g7bmu4fa,chasteté,tm-mxk5b5af,vertus et vices (thèmes)
tm-g7ij38tw,safran,tm-dgunamb6,végétaux
tm-g7kgvqwx,retour de l'Arche d'Alliance volée par les Philistins,tm-dferfdbu,Bible
tm-g7wt7dym,hématite (substances naturelles),tm-voqsjov6,substances naturelles
tm-g7xfnwwa,sainte Valérie remettant sa tête à saint Martial,tm-yl47emxq,saints et saintes
tm-g8iusoxv,verse,tm-l4c6ncu5,relations entre personnage et objet
tm-g8wvpu7k,taupe,tm-es22d6su,animaux
tm-g9vbnvo2,charrue,tm-9xdig6kt,outils et instruments divers
tm-gadjxbqu,Christ guérissant un paralytique,tm-dferfdbu,Bible
tm-gajeezap,main de Dieu,tm-dferfdbu,Bible
tm-garwvktz,trompette,tm-adjk7xgi,instruments de musique
tm-gaweteuh,berce branc-ursine,tm-dgunamb6,végétaux
tm-gaxz7ynj,hirondelle,tm-es22d6su,animaux
tm-gb2cic7i,deuxième trompette de l'Apocalypse : mer en feu,tm-dferfdbu,Bible
tm-gb4avtpv,vocation des apôtres,tm-dferfdbu,Bible
tm-gb9xzs44,musique,tm-n4nxt6at,activités sociales et festives
tm-gbgquwvr,balauste,tm-dgunamb6,végétaux
tm-gbmk8ara,outil,tm-9xdig6kt,outils et instruments divers
tm-gbucvvq7,couteau,tm-hnxe45cj,objets domestiques
tm-gbupbhko,Jacob conduisant ses fils en Égypte,tm-dferfdbu,Bible
tm-gc3vo3tj,saint Aventin exhumé par un taureau,tm-yl47emxq,saints et saintes
tm-gcakpaaf,vigne sauvage,tm-dgunamb6,végétaux
tm-gcibqhsc,saint Barthélemy,tm-wnsvi7uz,"apôtres, évangélistes, saints et saintes"
tm-gcsmygkq,saint Benoît,tm-wnsvi7uz,"apôtres, évangélistes, saints et saintes"
tm-gcswvleg,matricaire-camomille,tm-dgunamb6,végétaux
tm-gcwwk9ie,oiseau bicéphale,tm-4cuzvu8k,"homme, animal, nature"
tm-gcyrklfg,Richard Cœur de Lion,tm-chm6nfv2,personnages historiques litteraires et mythologiques
tm-gd46p3yu,Andérédus,tm-chm6nfv2,personnages historiques litteraires et mythologiques
tm-gdbynvqw,berger,tm-kdmndh48,catégories sociales et peuples
tm-gdcm6ykd,carvi,tm-dgunamb6,végétaux
tm-gddcogtv,folie,tm-gtia7dmq,soins du corps et maladies
tm-gdeeuupr,sainte Basilisse,tm-wnsvi7uz,"apôtres, évangélistes, saints et saintes"
tm-gdf4wnzr,saint Éloi et le miracle du cheval ferré,tm-yl47emxq,saints et saintes
tm-gdn6q9dw,Jacob et la tunique ensanglantée de Joseph,tm-dferfdbu,Bible
tm-gdozkjhr,saint Vincent sur le gril,tm-yl47emxq,saints et saintes
tm-gdpcuozn,entrée dans l'Arche de Noé,tm-dferfdbu,Bible
tm-ge7kvbsg,saint Jérôme,tm-wnsvi7uz,"apôtres, évangélistes, saints et saintes"
tm-gecpg7rl,jusquiame,tm-dgunamb6,végétaux
tm-geguxc6x,Hermione,tm-chm6nfv2,personnages historiques litteraires et mythologiques
tm-gehksbxd,nain,tm-xd3qz4bt,personnages fantastiques et monstres
tm-gek9qpsk,Alaric Ier,tm-chm6nfv2,personnages historiques litteraires et mythologiques
tm-geqrpyjx,penthasilon,tm-dgunamb6,végétaux
tm-gesbazdo,Antiochus Théos,tm-chm6nfv2,personnages historiques litteraires et mythologiques
tm-gewqp2qk,clerc debout,tm-pqk44ebu,personnages
tm-gewqqd7f,pistachier,tm-dgunamb6,végétaux
tm-ggastarg,saint Taurin confié à saint Denis par saint Clément,tm-yl47emxq,saints et saintes
tm-ggdpjup7,Antéchrist,tm-ka9s5rfg,personnages du Nouveau Testament
tm-ggnrmwc7,toucher,tm-sjsrgabv,vie corporelle
tm-ggrpeuab,théâtre (activité),tm-n4nxt6at,activités sociales et festives
tm-ggrtv3lm,zodiaque-capricorne,tm-paifj62y,cosmos
tm-ggtqslg5,sixième sceau de l'Apocalypse : anges retenant les vents,tm-dferfdbu,Bible
tm-gguatjr5,bœufs portant la mer d'airain,tm-dferfdbu,Bible
tm-gha7xb8g,saint Savin et saint Cyprien sous arcature,tm-yl47emxq,saints et saintes
tm-ghcdzszp,asperge,tm-dgunamb6,végétaux
tm-ghcjyxkc,ensevelissement,tm-nrthhnsw,naissance et mort
tm-ghdkfcen,Frédéric Ier Barberousse,tm-chm6nfv2,personnages historiques litteraires et mythologiques
tm-ghihzzvb,ville,tm-dtfhjmhe,éléments d'architecture
tm-ghjvafuv,Ésaü vendant son droit d'aînesse à Jacob,tm-dferfdbu,Bible
tm-ghqnmaeg,Manassé,tm-8dvxtncr,personnages de l'Ancien Testament
tm-giaddwpb,charpente,tm-dtfhjmhe,éléments d'architecture
tm-gixgqsux,coloquinte,tm-dgunamb6,végétaux
tm-gj5f4iar,vendange divine,tm-dferfdbu,Bible
tm-gjdarejd,Hippolyte,tm-chm6nfv2,personnages historiques litteraires et mythologiques
tm-gjmmi6am,Christ dépouillé de ses vêtements,tm-dferfdbu,Bible
tm-gk8dqj7t,Salomon trônant,tm-dferfdbu,Bible
tm-gkbnaxjk,lions affrontés,tm-4cuzvu8k,"homme, animal, nature"
tm-gkcjxe9f,Naïade,tm-chm6nfv2,personnages historiques litteraires et mythologiques
tm-gkmf5zvt,guimauve,tm-dgunamb6,végétaux
tm-gkq8yjcq,ange de Smyrne,tm-dferfdbu,Bible
tm-gkwdmaum,décan II,tm-paifj62y,cosmos
tm-gkwmofoc,thon,tm-es22d6su,animaux
tm-glk6ghzz,"création de la terre, de la mer et des végétaux",tm-dferfdbu,Bible
tm-glp46suk,saint Sixte II,tm-wnsvi7uz,"apôtres, évangélistes, saints et saintes"
tm-glqthq8v,Pénélope,tm-chm6nfv2,personnages historiques litteraires et mythologiques
tm-gm8xdfaa,Ménésthée,tm-chm6nfv2,personnages historiques litteraires et mythologiques
tm-gmnrb6ga,coq,tm-es22d6su,animaux
tm-gnbjeakx,Apulée,tm-chm6nfv2,personnages historiques litteraires et mythologiques
tm-gndhnsj8,gomme ammoniaque,tm-voqsjov6,substances naturelles
tm-got9rxjl,étude,tm-ceentecm,étude et savoir
tm-gp8u69bv,jour,tm-k7prxdpw,temps
tm-gpauhptp,chant liturgique,tm-rfcju69x,"scènes liturgiques, rituelles et vie religieuse"
tm-gpfddel4,dragons affrontés,tm-4cuzvu8k,"homme, animal, nature"
tm-gptkmgvw,Manoah,tm-8dvxtncr,personnages de l'Ancien Testament
tm-gpu9gq8p,anguille,tm-es22d6su,animaux
tm-gpudcb9k,pupitre,tm-kdmavf4s,meubles
tm-gpze8xfy,saintes onze mille vierges,tm-wnsvi7uz,"apôtres, évangélistes, saints et saintes"
tm-gqbkwaul,tempête,tm-UNK,événéments naturels
tm-gqln2qya,Domitien,tm-chm6nfv2,personnages historiques litteraires et mythologiques
tm-gqpe8i6g,saint Zosime,tm-wnsvi7uz,"apôtres, évangélistes, saints et saintes"
tm-gqtm45va,saint Pierre et saint Jean bénissant la foule,tm-yl47emxq,saints et saintes
tm-gqyjhanc,puits,tm-dtfhjmhe,éléments d'architecture
tm-gr5hbfkh,décan Ier,tm-paifj62y,cosmos
tm-gr8ayr47,Valérien,tm-chm6nfv2,personnages historiques litteraires et mythologiques
tm-grd8x7vt,Zachée,tm-ka9s5rfg,personnages du Nouveau Testament
tm-grebnk26,châtaignier,tm-dgunamb6,végétaux
tm-grjvux2f,falaise,tm-rjrpwa7c,éléments du paysage
tm-grsandu8,avoine,tm-dgunamb6,végétaux
tm-gs7gbqwi,pin,tm-dgunamb6,végétaux
tm-gsebqcnv,adoption,tm-5ghnfhtz,relations entre personnages
tm-gsmxbnkq,cadavre,tm-xz4pq72a,corps humain et animal
tm-gsqpnhxd,sculpteur,tm-kdmndh48,catégories sociales et peuples
tm-gsrrhwcx,fabliau,tm-khljsbs5,"scènes historiques, littéraires et mythologiques"
tm-gssee5ut,Adonis,tm-chm6nfv2,personnages historiques litteraires et mythologiques
tm-gsxjhjhz,chant,tm-n4nxt6at,activités sociales et festives
tm-gt2on5hk,Sion,tm-codyk7ew,lieux
tm-gt6rjt7a,bourreau remettant la tête de saint Jean-Baptiste à Salomé,tm-dferfdbu,Bible
tm-gu5grll6,reine,tm-kdmndh48,catégories sociales et peuples
tm-gugcvvgm,usure,tm-akjcakin,"dons, échanges et mesures"
tm-guh87fqu,marmite,tm-xhaodmx4,récipients et contenants
tm-guqbmqyt,constellation-bateau,tm-paifj62y,cosmos
tm-gutrlpdd,sueur,tm-xz4pq72a,corps humain et animal
tm-guuwvxmu,Hélenus,tm-chm6nfv2,personnages historiques litteraires et mythologiques
tm-guygaiyv,pliage,tm-l4c6ncu5,relations entre personnage et objet
tm-gvr7vpjw,Jéroboam instituant le culte du veau d'or,tm-dferfdbu,Bible
tm-gvtid77q,lagopède,tm-es22d6su,animaux
tm-gvxqpkrq,citronnier,tm-dgunamb6,végétaux
tm-gw7fxljs,année,tm-k7prxdpw,temps
tm-gwgpphwa,rateau,tm-9xdig6kt,outils et instruments divers
tm-gwqwband,fil à plomb,tm-8w59dqrj,instruments de mesure
tm-gxepqpwf,prêtre hébreu aspergeant l'autel,tm-dferfdbu,Bible
tm-gxmfoaj7,saint Maixent,tm-wnsvi7uz,"apôtres, évangélistes, saints et saintes"
tm-gxop3p42,licorne,tm-es22d6su,animaux
tm-gxsm3dcv,saint Marc zoomorphe,tm-wnsvi7uz,"apôtres, évangélistes, saints et saintes"
tm-gxuawbab,Créuse,tm-chm6nfv2,personnages historiques litteraires et mythologiques
tm-gy47blts,faux prophète de l'Apocalypse ordonnant d'adorer la Bête,tm-dferfdbu,Bible
tm-gykfkah6,reproches de Natân à David,tm-dferfdbu,Bible
tm-gylonftu,Agar,tm-8dvxtncr,personnages de l'Ancien Testament
tm-gyrbfk9c,clerc lisant,tm-pqk44ebu,personnages
tm-gyxitahz,équinoxe,tm-paifj62y,cosmos
tm-gz78y3yz,saint Félicien,tm-wnsvi7uz,"apôtres, évangélistes, saints et saintes"
tm-gzmqaeju,Balaam bénissant les Hébreux,tm-dferfdbu,Bible
tm-gznuxva6,soufflet,tm-9xdig6kt,outils et instruments divers
tm-gzx7s7cs,pavot,tm-dgunamb6,végétaux
tm-h23anzjf,Phlégéton,tm-codyk7ew,lieux
tm-h2ba6un3,sainte Radegonde discutant avec les gardiens de Péronne,tm-yl47emxq,saints et saintes
tm-h2hryh4j,Booz prenant Ruth sous son manteau,tm-dferfdbu,Bible
tm-h2o2met6,broche,tm-hnxe45cj,objets domestiques
tm-h33guuqc,vieille,tm-clb8u2vx,état du corps et de l'être
tm-h3bmqrki,saint Nérée,tm-wnsvi7uz,"apôtres, évangélistes, saints et saintes"
tm-h3yjzcwy,Synagogue (personnifications et allégories),tm-6vzkr8da,personnifications et allégories
tm-h4hkewwz,chimère,tm-es22d6su,animaux
tm-h5p48lfk,soldat,tm-kdmndh48,catégories sociales et peuples
tm-h6gpwauw,Job retrouvant la prospérité,tm-dferfdbu,Bible
tm-h6keehu8,simonie,tm-mxk5b5af,vertus et vices (thèmes)
tm-h6smsjzb,Château-Saint-Ange,tm-codyk7ew,lieux
tm-h6urhbqm,Diane,tm-chm6nfv2,personnages historiques litteraires et mythologiques
tm-h78uswml,adoration de l'agneau divin sur le mont Sion,tm-dferfdbu,Bible
tm-h7vxh9ju,création de la lumière,tm-dferfdbu,Bible
tm-h8gxwg43,animal terrestre musicien,tm-4cuzvu8k,"homme, animal, nature"
tm-h8rffzcw,personnage et corde,tm-pqk44ebu,personnages
tm-h8tbnvpz,Honorius Ier,tm-chm6nfv2,personnages historiques litteraires et mythologiques
tm-h97mvfex,hydropique,tm-clb8u2vx,état du corps et de l'être
tm-h9br7rat,victoire,tm-yknzerjb,conflit (thèmes)
tm-h9nsqqnm,grenier,tm-dtfhjmhe,éléments d'architecture
tm-h9ygitb7,scène d'arithmétique,tm-nh4p7ibg,arts et savoirs
tm-had7wzka,primevère,tm-dgunamb6,végétaux
tm-hadx2as4,pis,tm-xz4pq72a,corps humain et animal
tm-hag9yvxm,création des astres,tm-dferfdbu,Bible
tm-havgveuu,livre,tm-u3gxy5k2,écrits
tm-haz2fmgv,saint Irénée,tm-wnsvi7uz,"apôtres, évangélistes, saints et saintes"
tm-hb2k44pw,Bethesda,tm-codyk7ew,lieux
tm-hbbshtvy,menthe romaine,tm-dgunamb6,végétaux
tm-hbbtt6s5,Maximien,tm-chm6nfv2,personnages historiques litteraires et mythologiques
tm-hbfbeowg,sabot,tm-xz4pq72a,corps humain et animal
tm-hbiteaqi,scène de jeux du cirque,tm-nh4p7ibg,arts et savoirs
tm-hbowfqvv,monastère,tm-dtfhjmhe,éléments d'architecture
tm-hbqzyzff,Christ couronnant des vertus,tm-qhhmbog9,vertus et vices (sujets)
tm-hbtqjohq,Dioclétien,tm-chm6nfv2,personnages historiques litteraires et mythologiques
tm-hc2gpzdc,saint Macaire d'Alexandrie,tm-wnsvi7uz,"apôtres, évangélistes, saints et saintes"
tm-hcfsdmd6,animal fantastique crachant ou avalant,tm-4cuzvu8k,"homme, animal, nature"
tm-hcgadtzf,constellation-dragon,tm-paifj62y,cosmos
tm-hckehjld,Honte (personnifications et allégories),tm-6vzkr8da,personnifications et allégories
tm-hckmzedb,Jérusalem céleste,tm-codyk7ew,lieux
tm-hcngvxuh,parabole des aveugles,tm-dferfdbu,Bible
tm-hcwryogr,saint Luc,tm-wnsvi7uz,"apôtres, évangélistes, saints et saintes"
tm-hczlnqs9,murène,tm-es22d6su,animaux
tm-hdap2ur8,groseille,tm-dgunamb6,végétaux
tm-hddc4hiq,rencontre,tm-5ghnfhtz,relations entre personnages
tm-hdj7obc3,Mahlôn,tm-8dvxtncr,personnages de l'Ancien Testament
tm-hdkzhtu2,intérieur,tm-dtfhjmhe,éléments d'architecture
tm-hdomujeq,quatrième trompette de l'Apocalypse : assombrissement des astres,tm-dferfdbu,Bible
tm-hdqzst8f,armoise commune,tm-dgunamb6,végétaux
tm-hdse23wo,fuite des Assyriens,tm-dferfdbu,Bible
tm-hdyhrkk2,"zodiaque-balance (homme, animal, nature)",tm-4cuzvu8k,"homme, animal, nature"
tm-he6qentj,jambe,tm-xz4pq72a,corps humain et animal
tm-heanyzm4,roi des Ammonites humiliant les envoyés de David,tm-dferfdbu,Bible
tm-hemvfxe3,médecin,tm-kdmndh48,catégories sociales et peuples
tm-hen9dst4,spatule blanche,tm-es22d6su,animaux
tm-herjtvku,saint Paul ermite,tm-wnsvi7uz,"apôtres, évangélistes, saints et saintes"
tm-hezyfpoj,alcyon,tm-es22d6su,animaux
tm-hfu2mefi,Cacus,tm-chm6nfv2,personnages historiques litteraires et mythologiques
tm-hgbkgtt3,cotonnière,tm-dgunamb6,végétaux
tm-hggzvz6e,saint Barlaam,tm-wnsvi7uz,"apôtres, évangélistes, saints et saintes"
tm-hghkruqm,scène de jeu d'échecs,tm-nh4p7ibg,arts et savoirs
tm-hgiw3ea6,Alphonse X le Sage,tm-chm6nfv2,personnages historiques litteraires et mythologiques
tm-hglhk2td,mort de Moïse,tm-dferfdbu,Bible
tm-hgz4abmp,puanteur,tm-sjsrgabv,vie corporelle
tm-hh3qovb2,sainte Valérie,tm-wnsvi7uz,"apôtres, évangélistes, saints et saintes"
tm-hh9dhqag,maladie,tm-gtia7dmq,soins du corps et maladies
tm-hhbbvyty,navigation,tm-hmgjebc8,déplacements
tm-hhc3rzec,saint Pierre ressuscitant Tabita,tm-yl47emxq,saints et saintes
tm-hhop4nkn,Joseph vendu à Putiphar,tm-dferfdbu,Bible
tm-hivt2pvm,saint Pierre et saint Paul en prière,tm-yl47emxq,saints et saintes
tm-hizuzgyw,éperlan,tm-es22d6su,animaux
tm-hjbw7gw8,Théodose II le Jeune,tm-chm6nfv2,personnages historiques litteraires et mythologiques
tm-hjexo3t8,Mahomet,tm-chm6nfv2,personnages historiques litteraires et mythologiques
tm-hjmnqgfb,parabole du fils prodigue,tm-dferfdbu,Bible
tm-hjqocvkx,arme,tm-smvsgy3q,armes
tm-hk4btaxe,foulage des tissus,tm-yvy9sjme,activités artisanales
tm-hkbhmtxs,cire,tm-voqsjov6,substances naturelles
tm-hkk9qz9j,Moïse tuant un Égyptien,tm-dferfdbu,Bible
tm-hkkbqmlu,pèlerins en file,tm-pqk44ebu,personnages
tm-hkzkxmlc,manipule,tm-ukd2sjju,objets liturgiques et funéraires
tm-hllmnxql,constellation-lyre,tm-paifj62y,cosmos
tm-hlqvdnre,girofle jaune,tm-dgunamb6,végétaux
tm-hmdzncva,poêle,tm-hnxe45cj,objets domestiques
tm-hmiqkvsn,faucon,tm-es22d6su,animaux
tm-hmjgg5bi,ange sonnant la troisième trompette de l'Apocalypse,tm-dferfdbu,Bible
tm-hmpplszt,huile,tm-b9hasrrk,aliments
tm-hmvdbos7,grenouille,tm-es22d6su,animaux
tm-hmvt6ogq,saint Austremoine,tm-wnsvi7uz,"apôtres, évangélistes, saints et saintes"
tm-hncxmarg,dragon dressé,tm-4cuzvu8k,"homme, animal, nature"
tm-hnh9vazn,"décan II (homme, animal, nature)",tm-4cuzvu8k,"homme, animal, nature"
tm-hntsdjq8,rue (végétaux),tm-dgunamb6,végétaux
tm-hnztagz9,gentiane,tm-dgunamb6,végétaux
tm-hovjwed2,oiseau buvant dans une coupe,tm-4cuzvu8k,"homme, animal, nature"
tm-hpbwiebr,Foulque Ier,tm-chm6nfv2,personnages historiques litteraires et mythologiques
tm-hpflbkjo,Orion,tm-chm6nfv2,personnages historiques litteraires et mythologiques
tm-hptzrewj,battage,tm-kgvsqwxd,activités rurales
tm-hpzbhsp7,faux prophète,tm-8dvxtncr,personnages de l'Ancien Testament
tm-hpzzmqtl,partage des vêtements du Christ,tm-dferfdbu,Bible
tm-hq9x7tvo,musc,tm-voqsjov6,substances naturelles
tm-hqk3xgzt,buisson ardent,tm-dferfdbu,Bible
tm-hqnh7yrr,Caïn ensevelissant Abel,tm-dferfdbu,Bible
tm-hqp5rjsl,écureuil,tm-es22d6su,animaux
tm-hqvhwlw3,canard,tm-es22d6su,animaux
tm-hqw3zugi,limbes des enfants,tm-codyk7ew,lieux
tm-hqzsirbz,Blanche de Castille,tm-chm6nfv2,personnages historiques litteraires et mythologiques
tm-hrevffsz,dévoration,tm-rqhbyapw,alimentation
tm-hrfjwx9v,Cassibilant,tm-chm6nfv2,personnages historiques litteraires et mythologiques
tm-hrrvtuvf,magie,tm-h4mihrdw,divin et surnaturel
tm-hrugawmg,mesure à grain,tm-8w59dqrj,instruments de mesure
tm-hrxfvvtv,sainte,tm-wnsvi7uz,"apôtres, évangélistes, saints et saintes"
tm-hs69mjqz,héliotrope d'Europe,tm-dgunamb6,végétaux
tm-hs6kiqxh,saint Prudence,tm-wnsvi7uz,"apôtres, évangélistes, saints et saintes"
tm-hsen2y5h,Tubalcaïn,tm-8dvxtncr,personnages de l'Ancien Testament
tm-hseqxbxc,filage,tm-yvy9sjme,activités artisanales
tm-hshgypfs,malheurs de Job,tm-dferfdbu,Bible
tm-hsmdjvhj,prise de Gabâon,tm-dferfdbu,Bible
tm-hstmea9q,animaux fantastiques adossés,tm-4cuzvu8k,"homme, animal, nature"
tm-hsuer3qp,allaitement,tm-nrthhnsw,naissance et mort
tm-hsuvqs4u,Charles Martel,tm-chm6nfv2,personnages historiques litteraires et mythologiques
tm-hsymywrt,dragon crachant ou avalant,tm-4cuzvu8k,"homme, animal, nature"
tm-hsza92do,Charles II d'Anjou,tm-chm6nfv2,personnages historiques litteraires et mythologiques
tm-htf56beq,empereur d'Orient,tm-kdmndh48,catégories sociales et peuples
tm-htv8vldv,Hespéride,tm-chm6nfv2,personnages historiques litteraires et mythologiques
tm-huczqkyz,porc marin,tm-es22d6su,animaux
tm-huepfznj,fruit,tm-dgunamb6,végétaux
tm-husx8oer,hippopotame,tm-es22d6su,animaux
tm-hutb5szo,nuit,tm-k7prxdpw,temps
tm-huwkptr6,guêpe,tm-es22d6su,animaux
tm-huwnelet,scène d'astronomie,tm-nh4p7ibg,arts et savoirs
tm-hv8kigfd,Anchise,tm-chm6nfv2,personnages historiques litteraires et mythologiques
tm-hvc5rwyk,ensevelissement de Jacob,tm-dferfdbu,Bible
tm-hvluemw6,saint Eusèbe,tm-wnsvi7uz,"apôtres, évangélistes, saints et saintes"
tm-hvmbbgkw,nuée,tm-nvexrnma,éléments naturels et intempéries
tm-hvsefpfe,David simulant la folie,tm-dferfdbu,Bible
tm-hvzsfz7q,Daphné,tm-chm6nfv2,personnages historiques litteraires et mythologiques
tm-hw2jky63,singe,tm-es22d6su,animaux
tm-hw2kmuyd,martyre de saint Vincent,tm-yl47emxq,saints et saintes
tm-hwbpfzqq,Christ,tm-aww2uwsc,personnages divins ou surnaturels
tm-hwfk2nmn,évêques juxtaposés,tm-pqk44ebu,personnages
tm-hwgvqyxj,Christ et la femme adultère,tm-dferfdbu,Bible
tm-hwjwna7p,fraction du pain,tm-qaccoaqf,sacrements et rituels
tm-hwnuv9w4,Béranger II,tm-chm6nfv2,personnages historiques litteraires et mythologiques
tm-hwpk5ju7,terrier,tm-rjrpwa7c,éléments du paysage
tm-hwr4zbfx,intendant,tm-kdmndh48,catégories sociales et peuples
tm-hwuahhdj,pierre d'arménie,tm-voqsjov6,substances naturelles
tm-hwyaxkee,Vierge nourrie par un ange,tm-dferfdbu,Bible
tm-hx9mldcd,girafe,tm-es22d6su,animaux
tm-hxghhpux,pauvreté,tm-akjcakin,"dons, échanges et mesures"
tm-hxhftm7p,Haine,tm-chm6nfv2,personnages historiques litteraires et mythologiques
tm-hxkfytbb,patience (végétaux),tm-dgunamb6,végétaux
tm-hxm4mzvu,damnation,tm-h4mihrdw,divin et surnaturel
tm-hy6j8pvu,bourreau,tm-kdmndh48,catégories sociales et peuples
tm-hya9fq6i,paganisme,tm-pxcro3sy,attitudes religieuses
tm-hyb9xoeh,charbon,tm-voqsjov6,substances naturelles
tm-hyr34jv9,lions en file,tm-4cuzvu8k,"homme, animal, nature"
tm-hywxiizx,ciel,tm-rjrpwa7c,éléments du paysage
tm-hz6g2gmu,truelle,tm-9xdig6kt,outils et instruments divers
tm-hz8zu7kp,bouillon blanc,tm-dgunamb6,végétaux
tm-hzc2mtg7,sapin,tm-dgunamb6,végétaux
tm-hzdpcunp,cumin,tm-dgunamb6,végétaux
tm-hzit7asv,aconit-anthora,tm-dgunamb6,végétaux
tm-hzof2acs,scène d'investiture,tm-lxfddykj,"pouvoir, justice, conflit"
tm-hzu9mi2u,"toison (tissus,parures et accessoires)",tm-boubjbok,"tissus, parures et accessoires"
tm-hzupoevh,Anastase Ier,tm-chm6nfv2,personnages historiques litteraires et mythologiques
tm-hzxrdzph,Musulman,tm-kdmndh48,catégories sociales et peuples
tm-hzyurlkd,Moïse et le serpent d'airain,tm-dferfdbu,Bible
tm-hzz6sdrm,Charles le Téméraire,tm-chm6nfv2,personnages historiques litteraires et mythologiques
tm-hzzdvxer,chaire,tm-ukd2sjju,objets liturgiques et funéraires
tm-i2442num,messager,tm-kdmndh48,catégories sociales et peuples
tm-i2fvlkpp,Christ remettant les clefs à saint Pierre,tm-dferfdbu,Bible
tm-i35svw2b,balle,tm-cbnhsoso,jeux
tm-i48av9mh,argile,tm-voqsjov6,substances naturelles
tm-i4swicgx,peau,tm-xz4pq72a,corps humain et animal
tm-i4umbcv2,grande carline,tm-dgunamb6,végétaux
tm-i5nfqkr8,Hercule,tm-chm6nfv2,personnages historiques litteraires et mythologiques
tm-i6rm2xwg,psaume 69 : noyade de David,tm-dferfdbu,Bible
tm-i6z6pybr,bannière,tm-e37knvgu,insignes
tm-i7vaqrz7,cœur,tm-xz4pq72a,corps humain et animal
tm-i8wxrx85,rhinocéros,tm-es22d6su,animaux
tm-i94jpy9p,autel,tm-ukd2sjju,objets liturgiques et funéraires
tm-i9dtjwqs,plaie d'Égypte : les maladies du bétail,tm-dferfdbu,Bible
tm-i9jnjsab,Nicomède,tm-chm6nfv2,personnages historiques litteraires et mythologiques
tm-iacucx4l,colombe du saint-esprit entourée de...,tm-dferfdbu,Bible
tm-iaoympjj,botanique,tm-ceentecm,étude et savoir
tm-ib3f7hmk,Attis,tm-chm6nfv2,personnages historiques litteraires et mythologiques
tm-ibeucelv,saint Alexis,tm-wnsvi7uz,"apôtres, évangélistes, saints et saintes"
tm-ibkrr39s,Jean de Meung,tm-chm6nfv2,personnages historiques litteraires et mythologiques
tm-ibycfnrq,Tibère,tm-chm6nfv2,personnages historiques litteraires et mythologiques
tm-ic2z4znp,païen,tm-gie9c6et,clercs et statuts religieux
tm-iccugzny,Nil,tm-codyk7ew,lieux
tm-icnjfnvn,scie,tm-9xdig6kt,outils et instruments divers
tm-icpbhevu,Colisée,tm-codyk7ew,lieux
tm-idysunzc,hareng,tm-es22d6su,animaux
tm-ie8wpjhx,coup,tm-yknzerjb,conflit (thèmes)
tm-ieofdhgd,fumier,tm-voqsjov6,substances naturelles
tm-iepvbap8,Philippe V le Long,tm-chm6nfv2,personnages historiques litteraires et mythologiques
tm-ifbx6xbh,saint Zacharie inscrivant le nom de Jean,tm-dferfdbu,Bible
tm-ifgz6sgr,saint Arsène,tm-wnsvi7uz,"apôtres, évangélistes, saints et saintes"
tm-ifnjvw8b,sirènes-oiseaux adossées,tm-4cuzvu8k,"homme, animal, nature"
tm-iganrttd,poignard,tm-smvsgy3q,armes
tm-igkzx2eg,brème,tm-es22d6su,animaux
tm-igmjkfxd,vannage,tm-kgvsqwxd,activités rurales
tm-ignqgbpp,martyre de saint Savin et saint Cyprien,tm-yl47emxq,saints et saintes
tm-ihcuiicr,Japhet,tm-8dvxtncr,personnages de l'Ancien Testament
tm-ihhzuzza,fuite en Égypte,tm-dferfdbu,Bible
tm-ii9runv9,faux prophète de l'Apocalypse sortant de la terre,tm-dferfdbu,Bible
tm-ikqpujny,Alexandre Sévère,tm-chm6nfv2,personnages historiques litteraires et mythologiques
tm-ilvp8o7f,sainte Catherine couronnée par le Christ,tm-yl47emxq,saints et saintes
tm-imashzwf,planète Vénus,tm-paifj62y,cosmos
tm-imfbkx2k,marionnette,tm-cbnhsoso,jeux
tm-immvhubk,saint Vincent,tm-wnsvi7uz,"apôtres, évangélistes, saints et saintes"
tm-inldbz7c,roi d'Italie,tm-kdmndh48,catégories sociales et peuples
tm-intsras3,création d'Ève,tm-dferfdbu,Bible
tm-ioe6k6ms,salamandre,tm-es22d6su,animaux
tm-ipgzsrgx,Eberhard III Nellenburg,tm-chm6nfv2,personnages historiques litteraires et mythologiques
tm-ipkqntwk,Auguste,tm-chm6nfv2,personnages historiques litteraires et mythologiques
tm-ipon3py8,aigre-moine,tm-dgunamb6,végétaux
tm-ippybsy9,hysope,tm-dgunamb6,végétaux
tm-ipwubzmh,Septime-Sévère,tm-chm6nfv2,personnages historiques litteraires et mythologiques
tm-ipxuypcf,Christ et les docteurs,tm-dferfdbu,Bible
tm-iqbfpixw,Tityre,tm-chm6nfv2,personnages historiques litteraires et mythologiques
tm-iqecf9s7,Esther implorant Assuérus,tm-dferfdbu,Bible
tm-iqfbbyvi,oiseau replié sur lui-même,tm-4cuzvu8k,"homme, animal, nature"
tm-iqrfzwuu,boucher,tm-kdmndh48,catégories sociales et peuples
tm-iqwfswjw,Raban Maur,tm-chm6nfv2,personnages historiques litteraires et mythologiques
tm-irezacwe,Minerve,tm-chm6nfv2,personnages historiques litteraires et mythologiques
tm-irp5qfxd,Adam et Ève dans le Paradis terrestre,tm-dferfdbu,Bible
tm-irrfblyp,lentille,tm-dgunamb6,végétaux
tm-irumdf7v,saint Florin,tm-wnsvi7uz,"apôtres, évangélistes, saints et saintes"
tm-is6dwdc5,confession,tm-qaccoaqf,sacrements et rituels
tm-iszsi3kg,tailleur,tm-kdmndh48,catégories sociales et peuples
tm-itfttfrd,Christ guérissant une hémorroïsse,tm-dferfdbu,Bible
tm-itqdchx7,Daniel jugeant les deux vieillards,tm-dferfdbu,Bible
tm-itr42guh,raisin,tm-dgunamb6,végétaux
tm-iudyw9zp,saint,tm-wnsvi7uz,"apôtres, évangélistes, saints et saintes"
tm-iugrde2s,tonsure,tm-qaccoaqf,sacrements et rituels
tm-iujppxvv,crevette,tm-es22d6su,animaux
tm-iuk4s4my,caméléonte noire,tm-dgunamb6,végétaux
tm-iv4xh9vr,don,tm-akjcakin,"dons, échanges et mesures"
tm-ivsdfebq,épée,tm-smvsgy3q,armes
tm-ivzhd6jz,sainte Radegonde ressuscitant une religieuse,tm-yl47emxq,saints et saintes
tm-ixtqtin2,Cassiopée,tm-chm6nfv2,personnages historiques litteraires et mythologiques
tm-ixtvc4bj,Satan (Bible),tm-dferfdbu,Bible
tm-iyb3nxp6,mage,tm-ka9s5rfg,personnages du Nouveau Testament
tm-iyfbjxvj,décapitation,tm-twr3g7gr,peines corporelles et chatiments
tm-iyrl8zfh,Vierge en gloire,tm-dferfdbu,Bible
tm-izhjgqkm,martyre de saint Laurent,tm-yl47emxq,saints et saintes
tm-j25jrwjr,Antigone,tm-chm6nfv2,personnages historiques litteraires et mythologiques
tm-j27rc5on,Sibylle,tm-chm6nfv2,personnages historiques litteraires et mythologiques
tm-j2avjrug,plaie d'Égypte : les taons,tm-dferfdbu,Bible
tm-j2dp9snj,Dante,tm-chm6nfv2,personnages historiques litteraires et mythologiques
tm-j2e8bmmn,décembre,tm-k7prxdpw,temps
tm-j2frfcbq,Penthésilée,tm-chm6nfv2,personnages historiques litteraires et mythologiques
tm-j2n4gpoz,Pygmalion,tm-chm6nfv2,personnages historiques litteraires et mythologiques
tm-j2yyir3u,nèfle,tm-dgunamb6,végétaux
tm-j3n54oiy,Caton,tm-chm6nfv2,personnages historiques litteraires et mythologiques
tm-j3urie9r,saint Maximin d'Aix,tm-wnsvi7uz,"apôtres, évangélistes, saints et saintes"
tm-j49m8387,saint Ursanne,tm-wnsvi7uz,"apôtres, évangélistes, saints et saintes"
tm-j4erh9iq,ange aux bras levés,tm-dferfdbu,Bible
tm-j4w5qz5y,aigle criant malheur,tm-dferfdbu,Bible
tm-j54iwprr,appollinaris,tm-dgunamb6,végétaux
tm-j6uhxpie,gerbe,tm-dgunamb6,végétaux
tm-j6yh7bn6,Maxence,tm-chm6nfv2,personnages historiques litteraires et mythologiques
tm-j7qw8sgz,adultère,tm-ru4qcmye,sentiments et sexualite
tm-j7sn95rm,collège apostolique et saints,tm-pqk44ebu,personnages
tm-j7thmjfz,dragon de l'Apocalypse fuyant au désert,tm-dferfdbu,Bible
tm-j84rinpo,ami,tm-chm6nfv2,personnages historiques litteraires et mythologiques
tm-j8rdzvec,torche,tm-xvaw7udz,luminaires
tm-j8xm3hkb,animal terrestre dressé,tm-4cuzvu8k,"homme, animal, nature"
tm-j9qbbnr4,Hypocrisie (personnifications et allégories),tm-6vzkr8da,personnifications et allégories
tm-j9vh9ahy,sauterelle de l'Apocalypse,tm-es22d6su,animaux
tm-j9zhmswq,Danger,tm-chm6nfv2,personnages historiques litteraires et mythologiques
tm-jab9atx3,cinq sens,tm-sjsrgabv,vie corporelle
tm-jaeeoquw,croix de malte,tm-dgunamb6,végétaux
tm-jargsgh4,sagesse,tm-mxk5b5af,vertus et vices (thèmes)
tm-jarjobfr,Charles IV le Bel,tm-chm6nfv2,personnages historiques litteraires et mythologiques
tm-jbd6oau4,combat entre Alexandre le Grand et Darius,tm-dferfdbu,Bible
tm-jbk9lrul,adoration des mages,tm-dferfdbu,Bible
tm-jccddqm8,Nahum voyant la colère de Dieu sur Ninive,tm-dferfdbu,Bible
tm-jcp78b7k,macidoine,tm-dgunamb6,végétaux
tm-jcwphksz,saint Gervais,tm-wnsvi7uz,"apôtres, évangélistes, saints et saintes"
tm-jdauqwpy,jeux du cirque,tm-n4nxt6at,activités sociales et festives
tm-jddhyyeu,serment,tm-qaccoaqf,sacrements et rituels
tm-jdfgmjry,bûcheron,tm-kdmndh48,catégories sociales et peuples
tm-jdhmdkzh,Ésaü,tm-8dvxtncr,personnages de l'Ancien Testament
tm-jdkdy3be,égorgement,tm-twr3g7gr,peines corporelles et chatiments
tm-jdmtc27s,geai,tm-es22d6su,animaux
tm-jdrj93ga,tombe,tm-ukd2sjju,objets liturgiques et funéraires
tm-jdz9fbe4,saint Gérin,tm-wnsvi7uz,"apôtres, évangélistes, saints et saintes"
tm-je8cfg7n,saint Corneille pape,tm-wnsvi7uz,"apôtres, évangélistes, saints et saintes"
tm-jedmzxva,Joab tuant Amasa par trahison,tm-dferfdbu,Bible
tm-jehmyyfx,sacrifice d'Abraham,tm-dferfdbu,Bible
tm-jeisdvb3,psaume 39 : David se condamnant au silence,tm-dferfdbu,Bible
tm-jemsayjq,animaux terrestres en file,tm-4cuzvu8k,"homme, animal, nature"
tm-jepjwpff,Nicolas de Lyre,tm-chm6nfv2,personnages historiques litteraires et mythologiques
tm-jf3zwgiq,saint Flave,tm-wnsvi7uz,"apôtres, évangélistes, saints et saintes"
tm-jfa8kwva,théâtre (architecture),tm-dtfhjmhe,éléments d'architecture
tm-jfduzhgg,Joseph jeté dans le puits par ses frères,tm-dferfdbu,Bible
tm-jfecukey,lycaon,tm-es22d6su,animaux
tm-jfhjwnr5,fléau,tm-UNK,événéments naturels
tm-jfmzfjpe,Ganymède,tm-chm6nfv2,personnages historiques litteraires et mythologiques
tm-jfrzjrre,ange sonnant la cinquième trompette de l'Apocalypse,tm-dferfdbu,Bible
tm-jfwwqt2e,saint Étienne Ier,tm-wnsvi7uz,"apôtres, évangélistes, saints et saintes"
tm-jfxjmkwv,Othon,tm-chm6nfv2,personnages historiques litteraires et mythologiques
tm-jfzarp2h,Cybèle,tm-chm6nfv2,personnages historiques litteraires et mythologiques
tm-jg2modcw,toupie,tm-cbnhsoso,jeux
tm-jggy3hnt,peignage,tm-yvy9sjme,activités artisanales
tm-jghjjppv,gland,tm-dgunamb6,végétaux
tm-jgjastvr,saint Antoine guidé dans le désert par un satyre,tm-yl47emxq,saints et saintes
tm-jgq5jm83,Jean Golein,tm-chm6nfv2,personnages historiques litteraires et mythologiques
tm-jgqztcw5,Jonas jeté à la mer,tm-dferfdbu,Bible
tm-jgsy9qr5,constellation-procyon,tm-paifj62y,cosmos
tm-jgv6y4nb,apôtre tenant un livre,tm-pqk44ebu,personnages
tm-jgwb8ew2,Bélial,tm-dferfdbu,Bible
tm-jgwjrwcu,séparation d'Abraham et de Lot,tm-dferfdbu,Bible
tm-jhhznrnq,Chilpéric Ier,tm-chm6nfv2,personnages historiques litteraires et mythologiques
tm-jhqiuafb,osyris,tm-dgunamb6,végétaux
tm-ji7y5ekv,anémone hépatique,tm-dgunamb6,végétaux
tm-jin4mvuu,Isaac bénissant Jacob,tm-dferfdbu,Bible
tm-jiuyjweh,enlèvement,tm-yknzerjb,conflit (thèmes)
tm-jjc2wqw9,dompte-venin,tm-dgunamb6,végétaux
tm-jjhtewim,Pluton,tm-chm6nfv2,personnages historiques litteraires et mythologiques
tm-jjomtsvt,nymphe,tm-chm6nfv2,personnages historiques litteraires et mythologiques
tm-jk95zfrh,île,tm-rjrpwa7c,éléments du paysage
tm-jki7aqqw,ange de Thyatire,tm-dferfdbu,Bible
tm-jks7pkxv,animal fantastique se mordant une aile,tm-4cuzvu8k,"homme, animal, nature"
tm-jkszprzi,sainte Marie de Béthanie,tm-wnsvi7uz,"apôtres, évangélistes, saints et saintes"
tm-jkxc3ndq,sainte Radegonde et une religieuse morte apportée par des moniales,tm-yl47emxq,saints et saintes
tm-jl82m8xu,Chalcédoine,tm-codyk7ew,lieux
tm-jlz7vppl,tête humaine tirant la langue,tm-pqk44ebu,personnages
tm-jlzymav5,rein,tm-xz4pq72a,corps humain et animal
tm-jmm3e4yy,scolopendre (végétaux),tm-dgunamb6,végétaux
tm-jnfcqtb8,stockage,tm-kgvsqwxd,activités rurales
tm-jnjvoxk6,nénuphar,tm-dgunamb6,végétaux
tm-jnrfeckx,cétérach,tm-dgunamb6,végétaux
tm-jnudyhfp,oiseau à queue élargie,tm-4cuzvu8k,"homme, animal, nature"
tm-jobbhqmd,meurtre d'Abel,tm-dferfdbu,Bible
tm-jokmz9qu,onction de David par les anciens d'Israël,tm-dferfdbu,Bible
tm-jow43spz,Gog,tm-8dvxtncr,personnages de l'Ancien Testament
tm-jowmzegm,constellation-baleine,tm-paifj62y,cosmos
tm-joxbesjc,continence de Tobie et Sarra,tm-dferfdbu,Bible
tm-jpjcjvae,volubilis,tm-dgunamb6,végétaux
tm-jpnbe7dx,chameau,tm-es22d6su,animaux
tm-jqahcgh3,blette sauvage,tm-dgunamb6,végétaux
tm-jqe9ybzj,scolopendre (animal),tm-es22d6su,animaux
tm-jqfnbjvu,grattoir,tm-u3gxy5k2,écrits
tm-jrg3d6tk,troglodyte,tm-es22d6su,animaux
tm-jrkvhqse,constellation-hydre,tm-paifj62y,cosmos
tm-jskrokc3,Philippe l'Arabe,tm-chm6nfv2,personnages historiques litteraires et mythologiques
tm-jsnuncjg,Ismaël,tm-8dvxtncr,personnages de l'Ancien Testament
tm-jssydkz3,blasphème,tm-pxcro3sy,attitudes religieuses
tm-jsxswxut,Léon III l'Isaurien,tm-chm6nfv2,personnages historiques litteraires et mythologiques
tm-jt5olimh,poisson-torpille,tm-es22d6su,animaux
tm-jtde3v6e,hépatique des fontaines,tm-dgunamb6,végétaux
tm-jtekcxsd,descente,tm-hmgjebc8,déplacements
tm-jtextwam,grive,tm-es22d6su,animaux
tm-jttoecac,Vierge allaitant,tm-dferfdbu,Bible
tm-ju3hgu4w,Abel,tm-8dvxtncr,personnages de l'Ancien Testament
tm-judf2l5r,saint Jean d'Égypte,tm-wnsvi7uz,"apôtres, évangélistes, saints et saintes"
tm-jugofkpw,anges autour d'une croix,tm-dferfdbu,Bible
tm-jukrweum,érémitisme,tm-pxcro3sy,attitudes religieuses
tm-juplf6su,scène d'écriture,tm-nh4p7ibg,arts et savoirs
tm-juqgw9jc,pyramide,tm-dtfhjmhe,éléments d'architecture
tm-jv3rhrdi,animal fantastique à deux têtes,tm-4cuzvu8k,"homme, animal, nature"
tm-jvaduxrf,ange donnant un roseau à saint Jean,tm-dferfdbu,Bible
tm-jvkbabpi,idole,tm-njgn49nx,images
tm-jvn5h8vj,blessure,tm-gtia7dmq,soins du corps et maladies
tm-jvrvbnnd,chaux,tm-voqsjov6,substances naturelles
tm-jwvpviym,Abraham brisant les idoles,tm-dferfdbu,Bible
tm-jxefw7dz,muscardin,tm-es22d6su,animaux
tm-jxqmhzye,bouc,tm-es22d6su,animaux
tm-jxybuacp,roi de Juda,tm-kdmndh48,catégories sociales et peuples
tm-jy2xvbmk,feu-langue,tm-nvexrnma,éléments naturels et intempéries
tm-jy8fwp2u,saint Laurent flagellé,tm-yl47emxq,saints et saintes
tm-jyfxqr6n,noble,tm-kdmndh48,catégories sociales et peuples
tm-jymbdq32,David envoyant Urie à la guerre,tm-dferfdbu,Bible
tm-jyuadmtk,agneau,tm-es22d6su,animaux
tm-jyxqo96v,vertu (sujet),tm-qhhmbog9,vertus et vices (sujets)
tm-jz5vk4dk,étreinte,tm-ru4qcmye,sentiments et sexualite
tm-jzgtr6r9,Caron,tm-chm6nfv2,personnages historiques litteraires et mythologiques
tm-jzhwlfmf,David combattant Goliath,tm-dferfdbu,Bible
tm-jzj7ykvn,eupatoire,tm-dgunamb6,végétaux
tm-jzkalcbn,fer à cheval,tm-uyvtjqdl,objets liés à l'animal
tm-jzmmqth6,œillet,tm-dgunamb6,végétaux
tm-jzszsnza,sainte Restitute,tm-wnsvi7uz,"apôtres, évangélistes, saints et saintes"
tm-k23knluu,David musicien apaisant Saül,tm-dferfdbu,Bible
tm-k2gccs6y,Christ expulsant les marchands du temple,tm-dferfdbu,Bible
tm-k2xpcgys,baptême de saint Taurin par saint Clément,tm-yl47emxq,saints et saintes
tm-k33ddxrf,Hérode Agrippa Ier,tm-ka9s5rfg,personnages du Nouveau Testament
tm-k3gf9gfk,cochevis,tm-es22d6su,animaux
tm-k3o2ufbc,Job,tm-8dvxtncr,personnages de l'Ancien Testament
tm-k3xfy2ak,oiseau se lissant la queue,tm-4cuzvu8k,"homme, animal, nature"
tm-k44wpwea,comtesse,tm-kdmndh48,catégories sociales et peuples
tm-k4igj8e5,santal,tm-voqsjov6,substances naturelles
tm-k4qwwvhh,étable,tm-dtfhjmhe,éléments d'architecture
tm-k4zuq2n3,Aaron offrant un sacrifice,tm-dferfdbu,Bible
tm-k5b473yz,sacrifice de Gédéon,tm-dferfdbu,Bible
tm-k5jrpiv9,lamentations sur le Christ mort,tm-dferfdbu,Bible
tm-k75a9nhn,miroir,tm-hnxe45cj,objets domestiques
tm-k7foc8fj,Vesta,tm-chm6nfv2,personnages historiques litteraires et mythologiques
tm-k83dzkvo,instrument à cordes,tm-adjk7xgi,instruments de musique
tm-k87jhsv5,Adam et Ève au travail,tm-dferfdbu,Bible
tm-k8j7bmdy,vision de Zacharie : enlèvement de l'iniquité,tm-dferfdbu,Bible
tm-k8s6bcyb,Joseph vendu par ses frères,tm-dferfdbu,Bible
tm-k8tnouy2,sourire,tm-sjsrgabv,vie corporelle
tm-k98jow2a,opium,tm-voqsjov6,substances naturelles
tm-k9bbwcc8,porc-épic,tm-es22d6su,animaux
tm-k9f5cezf,larve,tm-es22d6su,animaux
tm-k9ozm4et,animal terrestre tenant une proie,tm-4cuzvu8k,"homme, animal, nature"
tm-ka4jb3mo,poisson-echinus,tm-es22d6su,animaux
tm-kabss6mx,animaux terrestres superposés,tm-4cuzvu8k,"homme, animal, nature"
tm-kafe9avd,poursuite,tm-hmgjebc8,déplacements
tm-kahmkqto,Saül et les pèlerins,tm-dferfdbu,Bible
tm-kajkogoz,Thésée,tm-chm6nfv2,personnages historiques litteraires et mythologiques
tm-kancnlxz,lion,tm-es22d6su,animaux
tm-katnycdu,dérision,tm-5ghnfhtz,relations entre personnages
tm-kaznkpqf,Khosro Ier,tm-chm6nfv2,personnages historiques litteraires et mythologiques
tm-kbbrfedx,Constant Ier,tm-chm6nfv2,personnages historiques litteraires et mythologiques
tm-kbevdfzk,aspérule à l'esquinancie,tm-dgunamb6,végétaux
tm-kbhxy3yf,saint Michel et la pesée,tm-dferfdbu,Bible
tm-kbmdvf4s,dominations (sujet),tm-dferfdbu,Bible
tm-kbywpfnb,Atlas,tm-chm6nfv2,personnages historiques litteraires et mythologiques
tm-kc5ukqpv,baptême,tm-qaccoaqf,sacrements et rituels
tm-kc6cjq7m,ombrine,tm-es22d6su,animaux
tm-kcccaa84,treuil,tm-9xdig6kt,outils et instruments divers
tm-kcccajyc,pélican,tm-es22d6su,animaux
tm-kcmqtu2d,sisymbrium,tm-dgunamb6,végétaux
tm-kcqp58df,saint Georges,tm-wnsvi7uz,"apôtres, évangélistes, saints et saintes"
tm-kcvupvpd,cour royale,tm-juhs4qki,pouvoir (thèmes)
tm-kcwcmu4i,noyade,tm-nrthhnsw,naissance et mort
tm-kdouvuyw,martyre de saint Nicaise,tm-yl47emxq,saints et saintes
tm-kdvetk33,laudane,tm-dgunamb6,végétaux
tm-kdxkpuu3,cerisier,tm-dgunamb6,végétaux
tm-kdyvsq43,construction,tm-yvy9sjme,activités artisanales
tm-ke5amtsz,nativité du Christ,tm-dferfdbu,Bible
tm-kejd8j2c,santal (végétaux),tm-dgunamb6,végétaux
tm-kejkxcnt,parabole de la paille et de la poutre,tm-dferfdbu,Bible
tm-kejsjtfa,sainte Radegonde lavant les pieds des pauvres,tm-yl47emxq,saints et saintes
tm-kekzczmc,Yubal,tm-8dvxtncr,personnages de l'Ancien Testament
tm-kelv8m8s,Pharaon et l'échanson,tm-dferfdbu,Bible
tm-kenbuyzn,Samson aveuglé par les Philistins,tm-dferfdbu,Bible
tm-kevfxbka,flèche,tm-smvsgy3q,armes
tm-kewbxwus,Moïse et l'Arche d'Alliance,tm-dferfdbu,Bible
tm-kewfdtmy,"laine (tissus,parures et accessoires)",tm-boubjbok,"tissus, parures et accessoires"
tm-kewga8kz,création des poissons et des oiseaux,tm-dferfdbu,Bible
tm-kewgux3v,Gestas,tm-ka9s5rfg,personnages du Nouveau Testament
tm-keyvrwp3,Créon,tm-chm6nfv2,personnages historiques litteraires et mythologiques
tm-kf9bdj8a,ambre,tm-voqsjov6,substances naturelles
tm-kfdqaabv,mercure (substances naturelles),tm-voqsjov6,substances naturelles
tm-kfvup8ux,sauvegarde,tm-5ghnfhtz,relations entre personnages
tm-kg2hxund,orpiment,tm-voqsjov6,substances naturelles
tm-kgblaf2c,jugement de Salomon,tm-dferfdbu,Bible
tm-kggckm2m,oie sauvage,tm-es22d6su,animaux
tm-kgksjk9x,comparution,tm-juhs4qki,pouvoir (thèmes)
tm-kgnfehdw,Jacob bénissant Éphraïm et Manassé,tm-dferfdbu,Bible
tm-kgwfnzac,corne d'abondance,tm-xhaodmx4,récipients et contenants
tm-kgx8en6b,Grégoire IX,tm-chm6nfv2,personnages historiques litteraires et mythologiques
tm-kh2d75b5,Jephté sacrifiant sa fille,tm-dferfdbu,Bible
tm-kh5t4uxr,glaucienne jaune,tm-dgunamb6,végétaux
tm-kh6jogn9,Hortarius,tm-chm6nfv2,personnages historiques litteraires et mythologiques
tm-kh8hejat,Hébreu remettant une lettre pour les Hébreux d'Égypte,tm-dferfdbu,Bible
tm-khwmpyqj,ourson,tm-es22d6su,animaux
tm-kibmlpun,saint Jean écrivant à l'église de Thyatire,tm-dferfdbu,Bible
tm-kihmaqhp,pestiféré,tm-clb8u2vx,état du corps et de l'être
tm-kikaaktk,saint Quentin,tm-wnsvi7uz,"apôtres, évangélistes, saints et saintes"
tm-kikgheer,circoncision du Christ,tm-dferfdbu,Bible
tm-kiox3bmv,Louis V le Fainéant,tm-chm6nfv2,personnages historiques litteraires et mythologiques
tm-kjd8nioy,ange déversant la deuxième coupe de l'Apocalypse,tm-dferfdbu,Bible
tm-kjde2vgq,archevêque,tm-gie9c6et,clercs et statuts religieux
tm-kjewznxq,auteur,tm-kdmndh48,catégories sociales et peuples
tm-kjkqqn8w,songe de Salomon,tm-dferfdbu,Bible
tm-kjupfucc,saint Thomas Becket,tm-wnsvi7uz,"apôtres, évangélistes, saints et saintes"
tm-kjxckj99,tempéraments,tm-xz4pq72a,corps humain et animal
tm-kkawbrrq,saint Valère,tm-wnsvi7uz,"apôtres, évangélistes, saints et saintes"
tm-kkdfibmk,bétail,tm-es22d6su,animaux
tm-kkgdy8uc,sainte Christine,tm-wnsvi7uz,"apôtres, évangélistes, saints et saintes"
tm-kkotaquv,saint Jean,tm-wnsvi7uz,"apôtres, évangélistes, saints et saintes"
tm-klgsv5e9,épinoche,tm-es22d6su,animaux
tm-klhcsfsp,serpent-javelot,tm-es22d6su,animaux
tm-kljgjggv,saint Apelle,tm-wnsvi7uz,"apôtres, évangélistes, saints et saintes"
tm-kljknwwa,oiseaux affrontés,tm-4cuzvu8k,"homme, animal, nature"
tm-klnahk5m,Lamek tuant Caïn,tm-dferfdbu,Bible
tm-klngpjqk,reniement de saint Pierre,tm-dferfdbu,Bible
tm-kmcxgnju,sainte Radegonde délivrant Fraifrède du démon,tm-yl47emxq,saints et saintes
tm-kmeri9mm,réclusion,tm-pxcro3sy,attitudes religieuses
tm-kmrutlbh,Concorde (personnifications et allégories),tm-6vzkr8da,personnifications et allégories
tm-kmzn6epw,turbith,tm-dgunamb6,végétaux
tm-kn2wxtuf,ciguë,tm-dgunamb6,végétaux
tm-knj6nuzu,menuiserie,tm-yvy9sjme,activités artisanales
tm-knllv9fj,injustice,tm-qmpqymzm,justice (thèmes)
tm-knnirqjh,foulque,tm-es22d6su,animaux
tm-knuxnxo7,défaite de Judas Maccabée,tm-dferfdbu,Bible
tm-knysbduc,Vitellius,tm-chm6nfv2,personnages historiques litteraires et mythologiques
tm-kobsjazi,prophétie de Malachie,tm-dferfdbu,Bible
tm-kon4s3kd,scène d'enseignement,tm-nh4p7ibg,arts et savoirs
tm-kpryvylw,vertus et vices,tm-qhhmbog9,vertus et vices (sujets)
tm-kps6awhk,rose,tm-dgunamb6,végétaux
tm-kpvmbdfk,Galère,tm-chm6nfv2,personnages historiques litteraires et mythologiques
tm-kq6b7ehb,Memnon,tm-chm6nfv2,personnages historiques litteraires et mythologiques
tm-kqjjz9ub,ver luisant,tm-es22d6su,animaux
tm-kqjtizyb,sainte Thaïs,tm-wnsvi7uz,"apôtres, évangélistes, saints et saintes"
tm-kqw7yngn,Paradis,tm-codyk7ew,lieux
tm-kqynk9qa,"zodiaque-scorpion (homme, animal, nature)",tm-4cuzvu8k,"homme, animal, nature"
tm-kr7qg6xu,cormoran,tm-es22d6su,animaux
tm-krbr2ckj,Malachie,tm-8dvxtncr,personnages de l'Ancien Testament
tm-krpysxeo,stellion,tm-es22d6su,animaux
tm-krq9ygy9,alun,tm-voqsjov6,substances naturelles
tm-krqn6p62,humeurs,tm-xz4pq72a,corps humain et animal
tm-krqtbduz,lamproie,tm-es22d6su,animaux
tm-krz9fgu9,songe de saint Joseph avant la fuite en Égypte,tm-dferfdbu,Bible
tm-ks4qajyq,plantain psyllium,tm-dgunamb6,végétaux
tm-kshyfwtm,canonisation,tm-qaccoaqf,sacrements et rituels
tm-ksmrr7uz,Dieu mettant en garde Adam et Ève,tm-dferfdbu,Bible
tm-ksyc4gt6,joubarbe,tm-dgunamb6,végétaux
tm-kte2fgxt,saint Ambroise,tm-wnsvi7uz,"apôtres, évangélistes, saints et saintes"
tm-ktn4sxau,dragon androphage,tm-4cuzvu8k,"homme, animal, nature"
tm-ku6smvdl,médecine,tm-gtia7dmq,soins du corps et maladies
tm-kue7z2fk,création de l'univers,tm-dferfdbu,Bible
tm-kuxkfpxx,constellation-coupe,tm-paifj62y,cosmos
tm-kvbm3n3r,scène de jonglerie,tm-nh4p7ibg,arts et savoirs
tm-kvghueu3,échelle de Jacob,tm-dferfdbu,Bible
tm-kvofna7a,saint Jacques le Persan,tm-wnsvi7uz,"apôtres, évangélistes, saints et saintes"
tm-kvoyc2kc,joie,tm-ru4qcmye,sentiments et sexualite
tm-kw8hbqmf,araignée,tm-es22d6su,animaux
tm-kwjt7lv6,Bethléem,tm-codyk7ew,lieux
tm-kwny7bha,prophétie de Joël : effusion de l'esprit,tm-dferfdbu,Bible
tm-kwpdoa4m,personnage tenant des tiges,tm-pqk44ebu,personnages
tm-kwud7zub,Vierge de miséricorde,tm-dferfdbu,Bible
tm-kx6walkz,roseau aromatique,tm-dgunamb6,végétaux
tm-kxju76xv,chevreau,tm-es22d6su,animaux
tm-kxprehab,coquille-saint-jacques,tm-es22d6su,animaux
tm-kxzgradr,cendre,tm-voqsjov6,substances naturelles
tm-ky2rkkay,saint Chromace,tm-wnsvi7uz,"apôtres, évangélistes, saints et saintes"
tm-ky4nqsdj,pois chiche,tm-dgunamb6,végétaux
tm-kyouomtf,jujube,tm-dgunamb6,végétaux
tm-kyspxgaf,sagittation,tm-twr3g7gr,peines corporelles et chatiments
tm-kz2etemr,mort de Lazare,tm-dferfdbu,Bible
tm-kzafsg9m,rasage,tm-l4c6ncu5,relations entre personnage et objet
tm-kzkf4zap,Godefroy de Bouillon,tm-chm6nfv2,personnages historiques litteraires et mythologiques
tm-kznh685a,roi de Germanie,tm-kdmndh48,catégories sociales et peuples
tm-kzpd74m4,Vierge debout,tm-dferfdbu,Bible
tm-kzvqyoy5,châtiment de la gourmandise,tm-qhhmbog9,vertus et vices (sujets)
tm-l2bqz6dc,rhubarbe,tm-dgunamb6,végétaux
tm-l2ypw6hr,Philépique,tm-chm6nfv2,personnages historiques litteraires et mythologiques
tm-l2zebbrf,colonne,tm-dtfhjmhe,éléments d'architecture
tm-l3alzeuy,scène d'acrobatie,tm-nh4p7ibg,arts et savoirs
tm-l3chfrtx,poids,tm-8w59dqrj,instruments de mesure
tm-l5huy3as,Louis VIII le Lion,tm-chm6nfv2,personnages historiques litteraires et mythologiques
tm-l5texchk,lecture,tm-ceentecm,étude et savoir
tm-l66mtgn3,lampe,tm-xvaw7udz,luminaires
tm-l6wdlbg9,bûcher (outils et instruments divers),tm-9xdig6kt,outils et instruments divers
tm-l7tbc6lj,Alcinoos,tm-chm6nfv2,personnages historiques litteraires et mythologiques
tm-l842tt9k,chasse,tm-n4nxt6at,activités sociales et festives
tm-l8d4jyi2,mise au tombeau du Christ,tm-dferfdbu,Bible
tm-l9vt6wgw,tombeau,tm-ukd2sjju,objets liturgiques et funéraires
tm-l9zntrmm,sanicle,tm-dgunamb6,végétaux
tm-labqwtqc,Cène,tm-dferfdbu,Bible
tm-lagpnyet,Cupidon,tm-chm6nfv2,personnages historiques litteraires et mythologiques
tm-laknlk5h,vermiculaire,tm-dgunamb6,végétaux
tm-lalynzrk,Cham,tm-8dvxtncr,personnages de l'Ancien Testament
tm-lamrp4nv,assomption de la vierge,tm-dferfdbu,Bible
tm-lavewlcx,Cyrus II,tm-chm6nfv2,personnages historiques litteraires et mythologiques
tm-lc43um5w,hibou,tm-es22d6su,animaux
tm-lce5qiod,palmier,tm-dgunamb6,végétaux
tm-ldea9brg,Pilate,tm-ka9s5rfg,personnages du Nouveau Testament
tm-ldlee7pf,corbeau,tm-es22d6su,animaux
tm-ldwtdycz,arcade,tm-dtfhjmhe,éléments d'architecture
tm-lenbuowq,âne musicien,tm-4cuzvu8k,"homme, animal, nature"
tm-lf46n4ng,voyage de Tobie et de l'archange Raphaël,tm-dferfdbu,Bible
tm-lfcfaqyo,prophétie de Nahum,tm-dferfdbu,Bible
tm-lfd37com,chapon,tm-es22d6su,animaux
tm-lfuyeanp,enseigne,tm-e37knvgu,insignes
tm-lfwqlxot,écrevisse,tm-es22d6su,animaux
tm-lg2faton,relique,tm-ukd2sjju,objets liturgiques et funéraires
tm-lg74ahc2,Lune (personnifications et allégories),tm-6vzkr8da,personnifications et allégories
tm-lgfqumx9,flagellation du Christ,tm-dferfdbu,Bible
tm-lhhenkrz,iconoclasme,tm-pxcro3sy,attitudes religieuses
tm-li3ucz3a,voyage de la Vierge et de saint Joseph à Bethléem,tm-dferfdbu,Bible
tm-lizegrco,Adam sous la croix,tm-dferfdbu,Bible
tm-lj2nexwz,Mikal,tm-8dvxtncr,personnages de l'Ancien Testament
tm-lj6c8uzn,Dieu ordonnant à Satan d'éprouver Job,tm-dferfdbu,Bible
tm-ljsuoykc,encensement,tm-qaccoaqf,sacrements et rituels
tm-lkpgsk25,stade,tm-dtfhjmhe,éléments d'architecture
tm-llb5qhxg,gloire,tm-e37knvgu,insignes
tm-llouhnin,mandragore,tm-dgunamb6,végétaux
tm-lmggmvan,saints quatre couronnés,tm-wnsvi7uz,"apôtres, évangélistes, saints et saintes"
tm-lnlyv3vu,Ulysse,tm-chm6nfv2,personnages historiques litteraires et mythologiques
tm-lpptc97j,renoncule,tm-dgunamb6,végétaux
tm-lpv4faty,linaire,tm-dgunamb6,végétaux
tm-lqefgyjy,Tibre,tm-codyk7ew,lieux
tm-lqkskuxe,exorcisme,tm-qaccoaqf,sacrements et rituels
tm-lrtrk3vk,faux,tm-9xdig6kt,outils et instruments divers
tm-lswtd4j5,Elqana et ses deux femmes,tm-dferfdbu,Bible
tm-ltwqrtmb,principautés,tm-aww2uwsc,personnages divins ou surnaturels
tm-lu2xkkjx,Ézéchiel,tm-8dvxtncr,personnages de l'Ancien Testament
tm-ludc2922,dénomination,tm-952iiyye,parole (thèmes)
tm-luey35gc,Conrad III,tm-chm6nfv2,personnages historiques litteraires et mythologiques
tm-luh239fm,Habacuc tenant du pain,tm-dferfdbu,Bible
tm-lurgvj4e,ange déversant la septième coupe de l'Apocalypse,tm-dferfdbu,Bible
tm-lvcfebdq,Abîme,tm-chm6nfv2,personnages historiques litteraires et mythologiques
tm-lvksnq3t,vision de Jérémie : la branche d'amandier,tm-dferfdbu,Bible
tm-lvoma2h3,accord,tm-5ghnfhtz,relations entre personnages
tm-lw7wqhhl,aneth,tm-dgunamb6,végétaux
tm-lwar5c7q,Henri V,tm-chm6nfv2,personnages historiques litteraires et mythologiques
tm-lwbmack2,Bosphore,tm-codyk7ew,lieux
tm-lwqvapkz,mariage d'Osée et Gomer,tm-dferfdbu,Bible
tm-lxobctsl,boa,tm-es22d6su,animaux
tm-ly2cxgos,Gorgone,tm-chm6nfv2,personnages historiques litteraires et mythologiques
tm-lybuedzt,saint Vincent mis en prison,tm-yl47emxq,saints et saintes
tm-lyn3ffaz,requin,tm-es22d6su,animaux
tm-lyxiazg2,forgeron,tm-kdmndh48,catégories sociales et peuples
tm-lzkilhid,millet,tm-dgunamb6,végétaux
tm-lzkyw6kt,oiseau tricéphale,tm-4cuzvu8k,"homme, animal, nature"
tm-lzvhgwhj,sainte Félicité,tm-wnsvi7uz,"apôtres, évangélistes, saints et saintes"
tm-m2d4yjuk,accueil des élus dans la Jérusalem céleste,tm-dferfdbu,Bible
tm-m3jnatfh,amalécite apportant à David la couronne de Saül,tm-dferfdbu,Bible
tm-m44bgc9i,sainte Pétronille,tm-wnsvi7uz,"apôtres, évangélistes, saints et saintes"
tm-m528qrrh,psaume 27 : David recevant la lumière divine,tm-dferfdbu,Bible
tm-m5qkpv6n,chouette,tm-es22d6su,animaux
tm-m5whpc4g,pont,tm-dtfhjmhe,éléments d'architecture
tm-m6adyuth,déluge,tm-UNK,événéments naturels
tm-m6lxapuw,Élie ressuscitant le fils de la veuve de Sarepta,tm-dferfdbu,Bible
tm-m6mmbwna,Christ bénissant les enfants,tm-dferfdbu,Bible
tm-m73ggksu,roue,tm-9xdig6kt,outils et instruments divers
tm-m7ybtrmm,dévêtement,tm-l4c6ncu5,relations entre personnage et objet
tm-m8lshtn7,songe(s) de Joseph,tm-dferfdbu,Bible
tm-m8mridot,Stace,tm-chm6nfv2,personnages historiques litteraires et mythologiques
tm-m8rjatkm,mauve,tm-dgunamb6,végétaux
tm-m8wzkgvq,Titan,tm-chm6nfv2,personnages historiques litteraires et mythologiques
tm-mag5kvxn,Attila,tm-chm6nfv2,personnages historiques litteraires et mythologiques
tm-mah88vfz,Bède le Vénérable,tm-chm6nfv2,personnages historiques litteraires et mythologiques
tm-maknxkfk,manne,tm-voqsjov6,substances naturelles
tm-maonjzfk,saint Prime,tm-wnsvi7uz,"apôtres, évangélistes, saints et saintes"
tm-mathgfwv,saint Félix Ier,tm-wnsvi7uz,"apôtres, évangélistes, saints et saintes"
tm-mauj9gtm,destruction de Sodome,tm-dferfdbu,Bible
tm-mbmmn7eo,"zodiaque-cancer (homme, animal, nature)",tm-4cuzvu8k,"homme, animal, nature"
tm-mckigvxj,fuite de sainte Elisabeth et saint Jean-Baptiste,tm-dferfdbu,Bible
tm-mcqolmk2,Tobit ensevelissant les morts,tm-dferfdbu,Bible
tm-mcwqfudg,froment,tm-dgunamb6,végétaux
tm-mcyjt54t,vase,tm-xhaodmx4,récipients et contenants
tm-md8qjwas,Pan,tm-chm6nfv2,personnages historiques litteraires et mythologiques
tm-mdd4joby,avarice,tm-mxk5b5af,vertus et vices (thèmes)
tm-mdezulxs,noces,tm-n4nxt6at,activités sociales et festives
tm-mdjznftf,grande consoude,tm-dgunamb6,végétaux
tm-mdlz43vt,petit plantain,tm-dgunamb6,végétaux
tm-me5q4rh9,Job et ses enfants,tm-dferfdbu,Bible
tm-mec47jx4,prédication,tm-952iiyye,parole (thèmes)
tm-mecqdvzu,souchet odorant,tm-dgunamb6,végétaux
tm-mewqp9hl,déchirure,tm-l4c6ncu5,relations entre personnage et objet
tm-meznfqkf,Pépin Ier,tm-chm6nfv2,personnages historiques litteraires et mythologiques
tm-mezvdqdh,personnage barbu,tm-pqk44ebu,personnages
tm-mfeblxqs,crabe,tm-es22d6su,animaux
tm-mfmemdkq,suicide,tm-nrthhnsw,naissance et mort
tm-mfqmhxts,Malchus,tm-ka9s5rfg,personnages du Nouveau Testament
tm-mfum8kul,saint Étienne lapidé,tm-yl47emxq,saints et saintes
tm-mg4wybom,Enfer,tm-codyk7ew,lieux
tm-mg8vhxe3,inspiration divine,tm-h4mihrdw,divin et surnaturel
tm-mgbujxy9,"décan (homme, animal, nature)",tm-4cuzvu8k,"homme, animal, nature"
tm-mgs89thv,plantain lancéolé,tm-dgunamb6,végétaux
tm-mgyazkzf,poule d'eau,tm-es22d6su,animaux
tm-mh4md8ft,ceinture,tm-boubjbok,"tissus, parures et accessoires"
tm-mh57mtkk,personnage aux bras levés,tm-pqk44ebu,personnages
tm-mhmwah6n,Ruben pleurant la disparition de Joseph,tm-dferfdbu,Bible
tm-mhtcnrvk,saint Bernardin de Sienne,tm-wnsvi7uz,"apôtres, évangélistes, saints et saintes"
tm-mhts75tt,Jéroboam,tm-8dvxtncr,personnages de l'Ancien Testament
tm-mhz7mx37,Arnaud de Villeneuve,tm-chm6nfv2,personnages historiques litteraires et mythologiques
tm-mhzcybv8,sirènes-oiseaux à tête unique,tm-4cuzvu8k,"homme, animal, nature"
tm-mj4njwhn,étang,tm-rjrpwa7c,éléments du paysage
tm-mjkqaxua,euphraise,tm-dgunamb6,végétaux
tm-mjnfk8vv,milan,tm-es22d6su,animaux
tm-mjrbme3v,Amour,tm-6vzkr8da,personnifications et allégories
tm-mjsmh3jx,lapidation d'Akân,tm-dferfdbu,Bible
tm-mjwf8mwx,Absalom faisant tuer Amnon,tm-dferfdbu,Bible
tm-mjwmtexr,brûlement,tm-twr3g7gr,peines corporelles et chatiments
tm-mkafmsef,tête,tm-xz4pq72a,corps humain et animal
tm-mkbfb4uk,galanga,tm-dgunamb6,végétaux
tm-mkdvienx,nard,tm-dgunamb6,végétaux
tm-mki6tv8t,saint Martin,tm-wnsvi7uz,"apôtres, évangélistes, saints et saintes"
tm-mkthbsp2,Christ recevant un message des soeurs de saint Lazare,tm-dferfdbu,Bible
tm-mlboytjc,homme menant le bétail a l'abreuvoir,tm-t4ksxzbv,"agriculture, artisanat et commerce, vie quotidienne, calendrier"
tm-mlrxnez5,vipère,tm-es22d6su,animaux
tm-mltaex6n,sanguinare,tm-dgunamb6,végétaux
tm-mlzxzum7,personnages enlacés,tm-pqk44ebu,personnages
tm-mmcree8b,saint Abdon,tm-wnsvi7uz,"apôtres, évangélistes, saints et saintes"
tm-mmndthay,Claude,tm-chm6nfv2,personnages historiques litteraires et mythologiques
tm-mmpxronc,psaume 25 : David élevant son âme vers Dieu,tm-dferfdbu,Bible
tm-mmsy6gyp,sainte Candide,tm-wnsvi7uz,"apôtres, évangélistes, saints et saintes"
tm-mmw7uwia,saponaire,tm-dgunamb6,végétaux
tm-mmz8mxdj,fraise,tm-dgunamb6,végétaux
tm-mnhgan6d,Pierre Lombard,tm-chm6nfv2,personnages historiques litteraires et mythologiques
tm-mnhvr4tw,Thyatire,tm-codyk7ew,lieux
tm-mntpgqpm,antilope,tm-es22d6su,animaux
tm-mozodrgj,Marcien,tm-chm6nfv2,personnages historiques litteraires et mythologiques
tm-mozr2ruc,dénombrement,tm-akjcakin,"dons, échanges et mesures"
tm-mp9xu5il,héron,tm-es22d6su,animaux
tm-mpfiuvul,Bethsabée,tm-8dvxtncr,personnages de l'Ancien Testament
tm-mpgv6hyt,nid,tm-voqsjov6,substances naturelles
tm-mpqlf6xd,samaritain-bon,tm-ka9s5rfg,personnages du Nouveau Testament
tm-mpve8qte,obscénité,tm-n4nxt6at,activités sociales et festives
tm-mq4qyghh,siège de Jéricho,tm-dferfdbu,Bible
tm-mqatu9og,possession,tm-h4mihrdw,divin et surnaturel
tm-mqrd4o2z,Guillaume Peyraut,tm-chm6nfv2,personnages historiques litteraires et mythologiques
tm-mqrh7emy,Juda,tm-8dvxtncr,personnages de l'Ancien Testament
tm-mqvexyu4,croix,tm-ukd2sjju,objets liturgiques et funéraires
tm-mqvpgwfy,daim,tm-es22d6su,animaux
tm-mraqgrzv,queue,tm-xz4pq72a,corps humain et animal
tm-mrc3gxyt,couleuvre,tm-es22d6su,animaux
tm-mrc8twp2,saints debout,tm-yl47emxq,saints et saintes
tm-mrfufymm,amidon,tm-voqsjov6,substances naturelles
tm-mrwjflzk,vanneau huppé,tm-es22d6su,animaux
tm-msawpfjw,sixième sceau de l'Apocalypse : élus adorant l'agneau,tm-dferfdbu,Bible
tm-msiop9en,naissance d'Abel,tm-dferfdbu,Bible
tm-msmpj5ea,Adam,tm-8dvxtncr,personnages de l'Ancien Testament
tm-msqqj7md,polygamie,tm-ru4qcmye,sentiments et sexualite
tm-msrzrwxs,Dieu,tm-aww2uwsc,personnages divins ou surnaturels
tm-mstk3xq4,plaie d'Égypte : l'eau changée en sang,tm-dferfdbu,Bible
tm-mswggshj,fenaison,tm-kgvsqwxd,activités rurales
tm-msykqx8k,Anne prophétesse,tm-ka9s5rfg,personnages du Nouveau Testament
tm-msynm2hb,sacrilège,tm-pxcro3sy,attitudes religieuses
tm-mtamrbjc,Pauvreté (personnification),tm-chm6nfv2,personnages historiques litteraires et mythologiques
tm-mtne6gd2,martyre,tm-twr3g7gr,peines corporelles et chatiments
tm-mtr8omi8,Balthazar,tm-8dvxtncr,personnages de l'Ancien Testament
tm-mtvh6srd,tête fantastique zoophage,tm-pqk44ebu,personnages
tm-mubzwhfs,Britannicus,tm-chm6nfv2,personnages historiques litteraires et mythologiques
tm-mulxeqfx,bol d'Arménie,tm-voqsjov6,substances naturelles
tm-muqcmrfz,préfet,tm-kdmndh48,catégories sociales et peuples
tm-muyjnyxs,calmar,tm-es22d6su,animaux
tm-mv6q8uaz,saint Eustache,tm-wnsvi7uz,"apôtres, évangélistes, saints et saintes"
tm-mv8hrnfq,mutelline,tm-dgunamb6,végétaux
tm-mvbrw9wk,songe de Daniel : combat du bélier et du bouc,tm-dferfdbu,Bible
tm-mvqfrlqa,Agamemnon,tm-chm6nfv2,personnages historiques litteraires et mythologiques
tm-mvqqtaag,image,tm-njgn49nx,images
tm-mvtfdxwg,purification,tm-qaccoaqf,sacrements et rituels
tm-mwdcgwoc,saint Joachim,tm-wnsvi7uz,"apôtres, évangélistes, saints et saintes"
tm-mwdwtlky,prêtre hébreu,tm-gie9c6et,clercs et statuts religieux
tm-mwsaynxk,faisan,tm-es22d6su,animaux
tm-mwtlumgp,septembre,tm-k7prxdpw,temps
tm-mwx5m5f5,pigment,tm-voqsjov6,substances naturelles
tm-mwyfyw9l,foudre,tm-nvexrnma,éléments naturels et intempéries
tm-mxackdda,cercueil,tm-ukd2sjju,objets liturgiques et funéraires
tm-mxkh4hy2,Clément V,tm-chm6nfv2,personnages historiques litteraires et mythologiques
tm-mxuvkapm,Numérien,tm-chm6nfv2,personnages historiques litteraires et mythologiques
tm-mxwxj6h3,choucas,tm-es22d6su,animaux
tm-mxy3ysw6,crucifiement,tm-twr3g7gr,peines corporelles et chatiments
tm-my82wtzw,saint Valentin,tm-wnsvi7uz,"apôtres, évangélistes, saints et saintes"
tm-myebkr5u,Akân,tm-8dvxtncr,personnages de l'Ancien Testament
tm-mykxfew8,douleur,tm-sjsrgabv,vie corporelle
tm-myqcwdg3,gui,tm-dgunamb6,végétaux
tm-myvbibor,perroquet,tm-es22d6su,animaux
tm-mywotdnl,Lamek maltraité par ses deux femmes,tm-dferfdbu,Bible
tm-myxwnf2q,pomme,tm-dgunamb6,végétaux
tm-mzagul67,criste marine,tm-dgunamb6,végétaux
tm-mzn59lpy,interprétation,tm-952iiyye,parole (thèmes)
tm-mzwxpkth,sable,tm-voqsjov6,substances naturelles
tm-mzxdryym,potager,tm-rjrpwa7c,éléments du paysage
tm-n2fdd2es,Vierge remettant la palme à saint Jean,tm-dferfdbu,Bible
tm-n2tcghmq,foire,tm-dtfhjmhe,éléments d'architecture
tm-n2uzdjrh,grenade,tm-dgunamb6,végétaux
tm-n2wfwrfl,Moïse présentant les tables de la loi aux Hébreux,tm-dferfdbu,Bible
tm-n3fmh7xb,gratteron,tm-dgunamb6,végétaux
tm-n3makn85,garance,tm-dgunamb6,végétaux
tm-n3zvuvgz,apôtres et saints,tm-pqk44ebu,personnages
tm-n4bryylb,saint Jean écrivant aux sept Églises d'Asie,tm-dferfdbu,Bible
tm-n4pwxmes,insecte,tm-es22d6su,animaux
tm-n4z9bwrw,décapitation de saint Paul,tm-yl47emxq,saints et saintes
tm-n5a7q9gp,cassier,tm-dgunamb6,végétaux
tm-n5hsp8ce,Hamilcar,tm-chm6nfv2,personnages historiques litteraires et mythologiques
tm-n5vfjdsp,animal fantastique androphage,tm-4cuzvu8k,"homme, animal, nature"
tm-n66chbcp,Iseult,tm-chm6nfv2,personnages historiques litteraires et mythologiques
tm-n6ftwrlw,saint Savin et saint Cyprien conduits vers la fournaise,tm-yl47emxq,saints et saintes
tm-n6j49gwc,Childéric II,tm-chm6nfv2,personnages historiques litteraires et mythologiques
tm-n6tebo3m,Cyrus restituant les vases du Temple,tm-dferfdbu,Bible
tm-n73pmm5x,sage-femme,tm-kdmndh48,catégories sociales et peuples
tm-n79fuk5b,abattage,tm-kgvsqwxd,activités rurales
tm-n7f7imyu,sistre,tm-dgunamb6,végétaux
tm-n8erjz5e,pèlerinage,tm-hmgjebc8,déplacements
tm-n8tn2fjo,roi de Babylone,tm-kdmndh48,catégories sociales et peuples
tm-n9gz9tkh,lionceau,tm-es22d6su,animaux
tm-n9ndyf5v,auberge,tm-dtfhjmhe,éléments d'architecture
tm-n9nxyvv8,lac,tm-rjrpwa7c,éléments du paysage
tm-n9vyzlcy,récipient,tm-xhaodmx4,récipients et contenants
tm-na78n3ea,Louis II le Bègue,tm-chm6nfv2,personnages historiques litteraires et mythologiques
tm-namhprhf,Raison,tm-6vzkr8da,personnifications et allégories
tm-nay9irh4,Ara Coeli,tm-codyk7ew,lieux
tm-nbhtztzb,repas chez Zachée,tm-dferfdbu,Bible
tm-nbm97gtl,pion,tm-cbnhsoso,jeux
tm-nbn7xjtf,pierre ponce,tm-voqsjov6,substances naturelles
tm-nbr2mgvr,Héraclius Ier,tm-chm6nfv2,personnages historiques litteraires et mythologiques
tm-nbvgagax,désir,tm-ru4qcmye,sentiments et sexualite
tm-nbx9bzha,vêtement,tm-boubjbok,"tissus, parures et accessoires"
tm-nc6ata6h,noix de coco,tm-dgunamb6,végétaux
tm-ncbftxc3,"vendange (agriculture, artisanat et commerce, vie quotidienne, calendrier)",tm-t4ksxzbv,"agriculture, artisanat et commerce, vie quotidienne, calendrier"
tm-ncdkbbs3,goujon,tm-es22d6su,animaux
tm-ncjgtss7,chute de Simon le magicien,tm-yl47emxq,saints et saintes
tm-nczqvhqm,Lucain,tm-chm6nfv2,personnages historiques litteraires et mythologiques
tm-ndbuktf3,gratiole,tm-dgunamb6,végétaux
tm-ndoqzjsz,calife,tm-kdmndh48,catégories sociales et peuples
tm-ndts398x,David apprenant la mort de Saül,tm-dferfdbu,Bible
tm-nebiqyxm,laurier,tm-dgunamb6,végétaux
tm-nebo46xu,fantôme de Samuel apparaissant à Saül,tm-dferfdbu,Bible
tm-nee6hjeo,Christ en gloire entouré d'apôtres (bible),tm-dferfdbu,Bible
tm-neeidqia,sainte Marguerite,tm-wnsvi7uz,"apôtres, évangélistes, saints et saintes"
tm-negmv455,maiestas domini et apôtres,tm-dferfdbu,Bible
tm-nerrvgrt,gobe-mouche,tm-es22d6su,animaux
tm-nfcprtgz,trois Hébreux dans la fournaise,tm-dferfdbu,Bible
tm-nffdauzt,couple,tm-clb8u2vx,état du corps et de l'être
tm-nfkhdgbg,lions adossés,tm-4cuzvu8k,"homme, animal, nature"
tm-nfzbwtts,patriarche,tm-gie9c6et,clercs et statuts religieux
tm-nggepj27,fenouil,tm-dgunamb6,végétaux
tm-ngpiliiu,Mathusalem,tm-8dvxtncr,personnages de l'Ancien Testament
tm-ngyaj5yq,Paresse (personnifications et allégories),tm-6vzkr8da,personnifications et allégories
tm-nhale6yd,Christ et disciples de saint Jean-Baptiste,tm-dferfdbu,Bible
tm-nhasckmc,riz,tm-dgunamb6,végétaux
tm-nhasqpqb,saint Athanase d'Alexandrie,tm-wnsvi7uz,"apôtres, évangélistes, saints et saintes"
tm-nhcum6ii,géométrie,tm-ceentecm,étude et savoir
tm-nhjtq5uu,élan,tm-es22d6su,animaux
tm-nho8w5jh,Philippe VI le Valois,tm-chm6nfv2,personnages historiques litteraires et mythologiques
tm-nhsyxfkz,tambour,tm-adjk7xgi,instruments de musique
tm-nisotuir,guenon,tm-es22d6su,animaux
tm-niujtvtm,Constantin III,tm-chm6nfv2,personnages historiques litteraires et mythologiques
tm-nj6z3yaq,ebouillantement,tm-twr3g7gr,peines corporelles et chatiments
tm-nj6zyipg,vision de Jérémie : la marmite de feu,tm-dferfdbu,Bible
tm-njavw9ne,Pollux,tm-chm6nfv2,personnages historiques litteraires et mythologiques
tm-njcxn6ms,sainte Savine,tm-wnsvi7uz,"apôtres, évangélistes, saints et saintes"
tm-njhr4bft,biche,tm-es22d6su,animaux
tm-njjpkgow,présentation de Samuel au temple,tm-dferfdbu,Bible
tm-njrmhlnn,jardin des oliviers,tm-codyk7ew,lieux
tm-nk78ujlb,perle,tm-voqsjov6,substances naturelles
tm-nknediwp,Salomé,tm-ka9s5rfg,personnages du Nouveau Testament
tm-nkrebyqm,Farinata degli Uberti,tm-chm6nfv2,personnages historiques litteraires et mythologiques
tm-nkwkwbdb,oiseaux entrecroisés,tm-4cuzvu8k,"homme, animal, nature"
tm-nlw2fknu,constellation-céphée,tm-paifj62y,cosmos
tm-nlynkuna,décapitation d'un hébreu refusant les pratiques païennes,tm-dferfdbu,Bible
tm-nm4ptyzu,cheval ailé,tm-es22d6su,animaux
tm-nm7oahqk,Tobit prêtant dix talents à Gabaël,tm-dferfdbu,Bible
tm-nmedv2cw,amandier,tm-dgunamb6,végétaux
tm-nmsxvnsg,cloître,tm-dtfhjmhe,éléments d'architecture
tm-nmysvfeg,melon,tm-dgunamb6,végétaux
tm-nnexwo44,puce,tm-es22d6su,animaux
tm-nnjobdbl,Macrin,tm-chm6nfv2,personnages historiques litteraires et mythologiques
tm-nnv5seeb,constellation-cocher,tm-paifj62y,cosmos
tm-nnvgkdbs,Moïse obtenant la victoire sur les Amalécites,tm-dferfdbu,Bible
tm-nnwxmemz,corde,tm-9xdig6kt,outils et instruments divers
tm-no3znyxx,lyre,tm-adjk7xgi,instruments de musique
tm-np8gi6md,saint Eutrope,tm-wnsvi7uz,"apôtres, évangélistes, saints et saintes"
tm-npipwjma,tissage,tm-yvy9sjme,activités artisanales
tm-npmkeqza,sorcier,tm-kdmndh48,catégories sociales et peuples
tm-npudvxx6,Élie au désert,tm-dferfdbu,Bible
tm-npuvkotr,charpenterie,tm-yvy9sjme,activités artisanales
tm-npuz5sbu,animal terrestre se mordant une patte,tm-4cuzvu8k,"homme, animal, nature"
tm-npvmhz6a,saint Jean mesurant le temple,tm-dferfdbu,Bible
tm-npxukrmj,Dagobert II,tm-chm6nfv2,personnages historiques litteraires et mythologiques
tm-nq4ucxtk,Constance-Chlore,tm-chm6nfv2,personnages historiques litteraires et mythologiques
tm-nq95ezrh,travail,tm-yvy9sjme,activités artisanales
tm-nqzygkvp,robellie,tm-dgunamb6,végétaux
tm-nr9jg8rp,puissances,tm-aww2uwsc,personnages divins ou surnaturels
tm-nrce7enk,lactation,tm-nrthhnsw,naissance et mort
tm-nrtzymeh,génévrier-sabine,tm-dgunamb6,végétaux
tm-nrv5pt5u,cavalier foulant un personnage,tm-pqk44ebu,personnages
tm-nrxvynew,calvaire,tm-njgn49nx,images
tm-ns8bjplp,vieillards de l'Apocalypse adorant l'agneau divin,tm-dferfdbu,Bible
tm-nsafx7n9,oiseau aux ailes éployées,tm-4cuzvu8k,"homme, animal, nature"
tm-nsouxpju,Pierre l'Ermite,tm-chm6nfv2,personnages historiques litteraires et mythologiques
tm-nt7cwumx,mirabelle,tm-dgunamb6,végétaux
tm-ntchurgs,agneau divin et Christ tenant le livre,tm-dferfdbu,Bible
tm-ntqcveun,Job couvert d'ulcères,tm-dferfdbu,Bible
tm-nttqjzih,piège,tm-uyvtjqdl,objets liés à l'animal
tm-nttxgcqg,Terpsichore,tm-chm6nfv2,personnages historiques litteraires et mythologiques
tm-ntumbjnw,ferrage,tm-yvy9sjme,activités artisanales
tm-ntvpbtqi,plaie d'Égypte : les moustiques,tm-dferfdbu,Bible
tm-ntxfycay,saint Damien,tm-wnsvi7uz,"apôtres, évangélistes, saints et saintes"
tm-nu8mmu8r,rire,tm-sjsrgabv,vie corporelle
tm-nufd684y,huppe,tm-es22d6su,animaux
tm-nujlcfpw,saint Sébastien,tm-wnsvi7uz,"apôtres, évangélistes, saints et saintes"
tm-numffmjc,cavalier de l'Apocalypse,tm-ka9s5rfg,personnages du Nouveau Testament
tm-nv3advtb,saint Janvier,tm-wnsvi7uz,"apôtres, évangélistes, saints et saintes"
tm-nvbt7knu,mûre,tm-dgunamb6,végétaux
tm-nvsmdghp,animal terrestre se mordant la queue,tm-4cuzvu8k,"homme, animal, nature"
tm-nvsoxrua,victoire de l'agneau divin sur les dix rois,tm-dferfdbu,Bible
tm-nw7bvaeb,Booz,tm-8dvxtncr,personnages de l'Ancien Testament
tm-nwgwhmgb,parabole de la brebis perdue et retrouvée,tm-dferfdbu,Bible
tm-nwraptcb,crachement,tm-sjsrgabv,vie corporelle
tm-nxdjzfg4,Christ comparaissant devant Pilate,tm-dferfdbu,Bible
tm-nxgcljrk,arrestation,tm-qmpqymzm,justice (thèmes)
tm-nxgwnzif,apparition de dieu à Balaam,tm-dferfdbu,Bible
tm-nxjpliaf,Hénoch,tm-8dvxtncr,personnages de l'Ancien Testament
tm-nxrf7fdu,saint Avit,tm-wnsvi7uz,"apôtres, évangélistes, saints et saintes"
tm-nxttdu49,saint Benoît d'Aniane,tm-wnsvi7uz,"apôtres, évangélistes, saints et saintes"
tm-nxuokihh,colophane,tm-voqsjov6,substances naturelles
tm-ny2b82qc,Baudonivie écrivant l'histoire de sainte Radegonde,tm-yl47emxq,saints et saintes
tm-ny2cjp3e,billot,tm-9xdig6kt,outils et instruments divers
tm-ny4dpejk,Gomorrhe,tm-codyk7ew,lieux
tm-nycndmbc,saint Savin et saint Cyprien rattrapés par Maximus,tm-yl47emxq,saints et saintes
tm-nydwwqhv,dragons à tête unique,tm-4cuzvu8k,"homme, animal, nature"
tm-nyjlervh,phénix,tm-es22d6su,animaux
tm-nyyy67hn,Louis IV d'Outremer,tm-chm6nfv2,personnages historiques litteraires et mythologiques
tm-nzk3ytiy,Ahimélek donnant à David un pain consacré et une épée,tm-dferfdbu,Bible
tm-nzmupsab,Lot accueillant les anges,tm-dferfdbu,Bible
tm-nzqjyv9e,témoins de l'Apocalypse devant l'antéchrist,tm-dferfdbu,Bible
tm-o22sq8nn,enfant,tm-clb8u2vx,état du corps et de l'être
tm-o2wq4s6q,décapitation de saint Jean-Baptiste,tm-dferfdbu,Bible
tm-o3khgyum,taupe de mer,tm-es22d6su,animaux
tm-o3w82xpy,bénitier,tm-ukd2sjju,objets liturgiques et funéraires
tm-o4jjq4cn,Sinaï,tm-codyk7ew,lieux
tm-o8l3vczq,Job éprouvé par sa femme et satan,tm-dferfdbu,Bible
tm-o94cjnoa,rat,tm-es22d6su,animaux
tm-o9chhpsm,saint Antonin,tm-wnsvi7uz,"apôtres, évangélistes, saints et saintes"
tm-oagzgytu,muguet,tm-dgunamb6,végétaux
tm-oaug6p59,buis,tm-dgunamb6,végétaux
tm-oc8hxsa6,saint Savinien,tm-wnsvi7uz,"apôtres, évangélistes, saints et saintes"
tm-od3ov4se,oursin,tm-es22d6su,animaux
tm-odqupktg,Bramimonde,tm-chm6nfv2,personnages historiques litteraires et mythologiques
tm-odykdmqa,épieu,tm-smvsgy3q,armes
tm-oeok7gip,saint Nazaire,tm-wnsvi7uz,"apôtres, évangélistes, saints et saintes"
tm-of7dvbee,prophétie,tm-952iiyye,parole (thèmes)
tm-of8nxmd8,Énée,tm-chm6nfv2,personnages historiques litteraires et mythologiques
tm-ofeq6zcp,"zodiaque-poisson (homme, animal, nature)",tm-4cuzvu8k,"homme, animal, nature"
tm-ofr3mt3u,récolte,tm-kgvsqwxd,activités rurales
tm-ognbglf6,combat entre Turpin et Abime,tm-khljsbs5,"scènes historiques, littéraires et mythologiques"
tm-ogoyee2m,arrivée,tm-hmgjebc8,déplacements
tm-ogsf6fy6,inceste d'Amnon et de sa soeur Tamar,tm-dferfdbu,Bible
tm-ogwuklmn,exorciste,tm-gie9c6et,clercs et statuts religieux
tm-oh5jeacp,Jeanne de Bourbon,tm-chm6nfv2,personnages historiques litteraires et mythologiques
tm-oh79njxc,tannage,tm-yvy9sjme,activités artisanales
tm-oi54umyi,goëland,tm-es22d6su,animaux
tm-oiwvz2pj,servante,tm-kdmndh48,catégories sociales et peuples
tm-oj5xlnr2,Élie nourri par un ange,tm-dferfdbu,Bible
tm-ojsbyqgj,grammaire,tm-ceentecm,étude et savoir
tm-ojtmjuie,Pharaon,tm-8dvxtncr,personnages de l'Ancien Testament
tm-ojxxmrnq,Jonas,tm-8dvxtncr,personnages de l'Ancien Testament
tm-oloax4v6,bannissement,tm-qmpqymzm,justice (thèmes)
tm-om5uuabb,saint Savin et saint Cyprien livrés aux lions qui leur lèchent les pieds,tm-yl47emxq,saints et saintes
tm-ompl6zvd,tanche,tm-es22d6su,animaux
tm-omrdcfbt,constellation-poisson austral,tm-paifj62y,cosmos
tm-onctpcnk,Abraham,tm-8dvxtncr,personnages de l'Ancien Testament
tm-ondaandx,saint Clément Ier,tm-wnsvi7uz,"apôtres, évangélistes, saints et saintes"
tm-onedfqwb,cuscute de thym,tm-dgunamb6,végétaux
tm-oo7jtili,mer,tm-rjrpwa7c,éléments du paysage
tm-ooaq8tbk,ascaride,tm-es22d6su,animaux
tm-oodropf5,bête de l'Apocalypse sortant de la mer,tm-dferfdbu,Bible
tm-oouy7dlb,squinant,tm-dgunamb6,végétaux
tm-op5hjcw5,loup de mer,tm-es22d6su,animaux
tm-opatvqzh,saint Savin et saint Cyprien comparaissant devant Maximus,tm-yl47emxq,saints et saintes
tm-opt3xahf,prophétie de Joël : fléau des sauterelles,tm-dferfdbu,Bible
tm-oqbvream,luth,tm-adjk7xgi,instruments de musique
tm-oranso48,mise au tombeau de la Vierge,tm-dferfdbu,Bible
tm-ormqq7rk,Robert Ier,tm-chm6nfv2,personnages historiques litteraires et mythologiques
tm-oruu7bqr,laurier rose,tm-dgunamb6,végétaux
tm-osa6rzpe,pêche miraculeuse de Tobie,tm-dferfdbu,Bible
tm-oseoqy3b,saint Patrick,tm-wnsvi7uz,"apôtres, évangélistes, saints et saintes"
tm-osrcxdrw,émerillon,tm-es22d6su,animaux
tm-ot3p5kmy,saint Taurin ordonné évêque par saint Denis,tm-yl47emxq,saints et saintes
tm-otiw2jb8,ange encensant l'autel céleste,tm-dferfdbu,Bible
tm-ourzz25h,lit,tm-kdmavf4s,meubles
tm-ov6zwpny,fléau (outils et instruments divers),tm-9xdig6kt,outils et instruments divers
tm-ovjj23yt,ciborium,tm-ukd2sjju,objets liturgiques et funéraires
tm-ovkyueob,conception,tm-nrthhnsw,naissance et mort
tm-ovvtgfbh,Samson triomphant du lion,tm-dferfdbu,Bible
tm-owcoxwac,seiche,tm-es22d6su,animaux
tm-owjfppws,saint Calixte Ier,tm-wnsvi7uz,"apôtres, évangélistes, saints et saintes"
tm-owq8abx2,saint Étienne mis au tombeau,tm-yl47emxq,saints et saintes
tm-owth5eyz,dédicace,tm-akjcakin,"dons, échanges et mesures"
tm-oxdg4b2e,sac,tm-xhaodmx4,récipients et contenants
tm-oxhmc6cz,défaite des Hébreux devant Aï,tm-dferfdbu,Bible
tm-oxuvfn7k,fuite d'Absalom,tm-dferfdbu,Bible
tm-oy8svymh,fuite de Caïn,tm-dferfdbu,Bible
tm-oycveaua,grémil,tm-dgunamb6,végétaux
tm-oydtvj8w,saint Christophe,tm-wnsvi7uz,"apôtres, évangélistes, saints et saintes"
tm-oyxqhyyr,Troie,tm-codyk7ew,lieux
tm-oz9n8wse,David,tm-8dvxtncr,personnages de l'Ancien Testament
tm-ozez4myz,Brennus,tm-chm6nfv2,personnages historiques litteraires et mythologiques
tm-p2szdvkp,papillon,tm-es22d6su,animaux
tm-p2tntmjc,sainte Anastasie,tm-wnsvi7uz,"apôtres, évangélistes, saints et saintes"
tm-p2uzwglm,saint Jean écrivant à l'église de Smyrne,tm-dferfdbu,Bible
tm-p2xv7szs,Maximin Ier,tm-chm6nfv2,personnages historiques litteraires et mythologiques
tm-p2xvxdgc,sainte Cunégonde,tm-wnsvi7uz,"apôtres, évangélistes, saints et saintes"
tm-p3r9mwh7,Néron,tm-chm6nfv2,personnages historiques litteraires et mythologiques
tm-p4dcacex,saint Jude Thaddée,tm-wnsvi7uz,"apôtres, évangélistes, saints et saintes"
tm-p4fabdca,sainte Pélagie,tm-wnsvi7uz,"apôtres, évangélistes, saints et saintes"
tm-p4ju6mh3,circoncision de Samson,tm-dferfdbu,Bible
tm-p4kdczuw,Baudoin V,tm-chm6nfv2,personnages historiques litteraires et mythologiques
tm-p4l9cufz,saint Jean Chrysostome,tm-wnsvi7uz,"apôtres, évangélistes, saints et saintes"
tm-p4m3b758,lecteur,tm-gie9c6et,clercs et statuts religieux
tm-p4pspztt,pomme de pin,tm-dgunamb6,végétaux
tm-p4qgvln4,saint Cyr,tm-wnsvi7uz,"apôtres, évangélistes, saints et saintes"
tm-p5h6aqv5,franciscain,tm-gie9c6et,clercs et statuts religieux
tm-p5nc55rk,Cyrus ordonnant la reconstruction du Temple,tm-dferfdbu,Bible
tm-p5s7wxfc,Achior devant Holopherne,tm-dferfdbu,Bible
tm-p5ukyfru,consoude moyenne,tm-dgunamb6,végétaux
tm-p6bpbd6j,Néhémie,tm-8dvxtncr,personnages de l'Ancien Testament
tm-p6dwavyp,saint Sosthène,tm-wnsvi7uz,"apôtres, évangélistes, saints et saintes"
tm-p6h57oz4,saint Pierre tranchant l'oreille de Malchus,tm-dferfdbu,Bible
tm-p6ldniob,riche,tm-kdmndh48,catégories sociales et peuples
tm-p6px9sje,vernis-sandaraque,tm-dgunamb6,végétaux
tm-p6qmtr9y,Olympias,tm-chm6nfv2,personnages historiques litteraires et mythologiques
tm-p6vmvhgx,pèlerin d'Emmaüs,tm-ka9s5rfg,personnages du Nouveau Testament
tm-p6z8suu4,Lazare,tm-ka9s5rfg,personnages du Nouveau Testament
tm-p7esgdzh,gomme,tm-voqsjov6,substances naturelles
tm-p7tfjxjy,saint Jean-Baptiste baptisant le peuple,tm-dferfdbu,Bible
tm-p7z37yta,Assuérus répudiant Vasthi,tm-dferfdbu,Bible
tm-p95jxlfb,aristoloche ronde,tm-dgunamb6,végétaux
tm-p9gsprgf,bardane,tm-dgunamb6,végétaux
tm-p9scr9fw,saint Vast,tm-wnsvi7uz,"apôtres, évangélistes, saints et saintes"
tm-p9txxxfz,songe de Nabuchodonosor,tm-dferfdbu,Bible
tm-padcd7om,statue,tm-njgn49nx,images
tm-padxrisx,fée,tm-xd3qz4bt,personnages fantastiques et monstres
tm-paqfuwih,lamentation,tm-ru4qcmye,sentiments et sexualite
tm-paum8yy9,descente de croix,tm-hmgjebc8,déplacements
tm-payjkxpw,prêtre païen,tm-gie9c6et,clercs et statuts religieux
tm-pb4p34fi,Valentinien III,tm-chm6nfv2,personnages historiques litteraires et mythologiques
tm-pb4xu4pa,Probus,tm-chm6nfv2,personnages historiques litteraires et mythologiques
tm-pbjoxuhz,lupin,tm-dgunamb6,végétaux
tm-pbkskvzj,élu,tm-clb8u2vx,état du corps et de l'être
tm-pbpnfgjw,Balaam,tm-8dvxtncr,personnages de l'Ancien Testament
tm-pbqc6t9c,sacrifice de Manoah,tm-dferfdbu,Bible
tm-pbtqmtke,saint Taurin arrivant à Évreux,tm-yl47emxq,saints et saintes
tm-pbuepufj,saint Bonet de Clermont,tm-wnsvi7uz,"apôtres, évangélistes, saints et saintes"
tm-pbz4xan4,panotie,tm-xd3qz4bt,personnages fantastiques et monstres
tm-pc7eyxhh,Afrique,tm-codyk7ew,lieux
tm-pckqoivq,damné,tm-clb8u2vx,état du corps et de l'être
tm-pcv7zysf,animal terrestre tirant la langue,tm-4cuzvu8k,"homme, animal, nature"
tm-pddr5kgy,scène de domptage,tm-nh4p7ibg,arts et savoirs
tm-pdfs8ehq,Animia,tm-chm6nfv2,personnages historiques litteraires et mythologiques
tm-pdkxschr,personnage tirant la langue,tm-pqk44ebu,personnages
tm-pdps3my5,saint Fabien,tm-wnsvi7uz,"apôtres, évangélistes, saints et saintes"
tm-pdqbxz8e,sainte Radegonde délivrant Leubile du démon,tm-yl47emxq,saints et saintes
tm-pdz75eyf,agaspe,tm-voqsjov6,substances naturelles
tm-pe4mnpqf,Suzanne conduite devant Daniel,tm-dferfdbu,Bible
tm-pe9qagdw,constellation-autel,tm-paifj62y,cosmos
tm-peh8uttu,scène de construction,tm-t4ksxzbv,"agriculture, artisanat et commerce, vie quotidienne, calendrier"
tm-pejuzcyd,prophétie de Sophonie : chute des idoles,tm-dferfdbu,Bible
tm-petzjle4,Christ et la pêche miraculeuse,tm-dferfdbu,Bible
tm-pezpehcs,Valentinien II,tm-chm6nfv2,personnages historiques litteraires et mythologiques
tm-pf3a7tvj,belette,tm-es22d6su,animaux
tm-pfcywnca,Moïse et les bâtons changés en serpent,tm-dferfdbu,Bible
tm-pfma8kec,tour de Babel,tm-codyk7ew,lieux
tm-pfowzklf,carme,tm-gie9c6et,clercs et statuts religieux
tm-pfptrntr,sortie,tm-hmgjebc8,déplacements
tm-pfvwqfgm,Terre,tm-paifj62y,cosmos
tm-pfwxhqgh,envol,tm-hmgjebc8,déplacements
tm-pfzbdaxt,genêt,tm-dgunamb6,végétaux
tm-pg5rhrbw,pétrole,tm-voqsjov6,substances naturelles
tm-pgapfpj2,sein d'Abraham (sujet),tm-dferfdbu,Bible
tm-pggyeffj,Hébreu,tm-kdmndh48,catégories sociales et peuples
tm-pgpbtwq7,Tacite,tm-chm6nfv2,personnages historiques litteraires et mythologiques
tm-pgsa9yi5,concorde,tm-mxk5b5af,vertus et vices (thèmes)
tm-pgsi2dq4,arma christi (sujet),tm-dferfdbu,Bible
tm-pgx97tn6,unicorne,tm-es22d6su,animaux
tm-pgzyblp6,vocation de Gédéon,tm-dferfdbu,Bible
tm-ph65zg7y,Dieu ordonnant à Moïse de recenser les Hébreux,tm-dferfdbu,Bible
tm-ph7njvwg,apparition du Christ à saint Pierre,tm-yl47emxq,saints et saintes
tm-phdwdmwk,saint Matthieu zoomorphe,tm-wnsvi7uz,"apôtres, évangélistes, saints et saintes"
tm-phfswu6u,cruche,tm-xhaodmx4,récipients et contenants
tm-phkeyr8e,Tubalcaïn forgeant,tm-dferfdbu,Bible
tm-phnfya8u,voyage de retour des mages,tm-dferfdbu,Bible
tm-phpervcn,violette,tm-dgunamb6,végétaux
tm-phwenfjv,saints fils de sainte Félicité,tm-wnsvi7uz,"apôtres, évangélistes, saints et saintes"
tm-phzhkyrs,rodalde,tm-dgunamb6,végétaux
tm-pj2vs6qt,chevalier,tm-kdmndh48,catégories sociales et peuples
tm-pj4r64ry,combat naval,tm-yknzerjb,conflit (thèmes)
tm-pjnhi7s2,Assuèrus,tm-chm6nfv2,personnages historiques litteraires et mythologiques
tm-pjq88m87,prophétie de Michée,tm-dferfdbu,Bible
tm-pjvenf29,côte,tm-xz4pq72a,corps humain et animal
tm-pjxdxeau,saint Protais,tm-wnsvi7uz,"apôtres, évangélistes, saints et saintes"
tm-pke2xkis,animal fantastique aux ailes éployées,tm-4cuzvu8k,"homme, animal, nature"
tm-pkgpl4nf,souci,tm-dgunamb6,végétaux
tm-pknvkipc,Adam et Ève chassés du Paradis terrestre,tm-dferfdbu,Bible
tm-pkqnaz9x,hybride,tm-es22d6su,animaux
tm-pkuk28iy,échalote,tm-dgunamb6,végétaux
tm-plfyh6ta,épine-vinette,tm-dgunamb6,végétaux
tm-plrrtcuh,crochet,tm-9xdig6kt,outils et instruments divers
tm-plv4psv9,Henri Ier le Querelleur,tm-chm6nfv2,personnages historiques litteraires et mythologiques
tm-pm7mcvwh,Chrétien,tm-gie9c6et,clercs et statuts religieux
tm-pmpdwkyr,échiquier,tm-cbnhsoso,jeux
tm-pmt3deg2,résurrection des morts,tm-dferfdbu,Bible
tm-pmwi4wgc,Atrée,tm-chm6nfv2,personnages historiques litteraires et mythologiques
tm-pmym9cry,vièle,tm-adjk7xgi,instruments de musique
tm-pn2tbfin,brebis,tm-es22d6su,animaux
tm-pnc2dbsh,clocher,tm-dtfhjmhe,éléments d'architecture
tm-pncvvgjc,"zodiaque-gémeaux (homme, animal, nature)",tm-4cuzvu8k,"homme, animal, nature"
tm-pnr4dkws,manticore,tm-es22d6su,animaux
tm-po5stqdr,Anastase II,tm-chm6nfv2,personnages historiques litteraires et mythologiques
tm-poeddor4,gelinotte,tm-es22d6su,animaux
tm-pofguutk,morelle noire,tm-dgunamb6,végétaux
tm-pp6mq7zx,lion crachant ou avalant,tm-4cuzvu8k,"homme, animal, nature"
tm-pphjzwxj,bénédiction,tm-qaccoaqf,sacrements et rituels
tm-ppmxbw9k,sainte Euphémie,tm-wnsvi7uz,"apôtres, évangélistes, saints et saintes"
tm-pq4cnz6o,poisson-perroquet,tm-es22d6su,animaux
tm-pqgn9fb8,saint Maurice,tm-wnsvi7uz,"apôtres, évangélistes, saints et saintes"
tm-pr68kv5v,Abdias,tm-8dvxtncr,personnages de l'Ancien Testament
tm-prebdu3t,Pierre Ier d'Aragon,tm-chm6nfv2,personnages historiques litteraires et mythologiques
tm-prgdeyj3,pénitence,tm-pxcro3sy,attitudes religieuses
tm-prh5gc3g,source,tm-rjrpwa7c,éléments du paysage
tm-prjmrg9o,ange déversant la quatrième coupe de l'Apocalypse,tm-dferfdbu,Bible
tm-prlabefw,abandon,tm-5ghnfhtz,relations entre personnages
tm-prtdxcjs,Vincent de Beauvais,tm-chm6nfv2,personnages historiques litteraires et mythologiques
tm-ps2fidb3,plantain,tm-dgunamb6,végétaux
tm-ps3zkq4q,saint Ephrem le Syrien,tm-wnsvi7uz,"apôtres, évangélistes, saints et saintes"
tm-pshledhs,Mercure,tm-chm6nfv2,personnages historiques litteraires et mythologiques
tm-pshvgrtt,fleur en bouton,tm-dgunamb6,végétaux
tm-psjklwg7,souffle,tm-xz4pq72a,corps humain et animal
tm-psmjjfhs,Ladicius et les païens brûlés par les flammes de la fournaise,tm-yl47emxq,saints et saintes
tm-pss3qzgv,Mammon,tm-dferfdbu,Bible
tm-psznhxxa,sainte Radegonde,tm-wnsvi7uz,"apôtres, évangélistes, saints et saintes"
tm-pt5jeqfn,Gaïus,tm-chm6nfv2,personnages historiques litteraires et mythologiques
tm-pt7dahkt,turbot,tm-es22d6su,animaux
tm-ptdyycga,harle,tm-es22d6su,animaux
tm-ptgmqu9z,destruction,tm-yknzerjb,conflit (thèmes)
tm-ptk66yma,protection,tm-5ghnfhtz,relations entre personnages
tm-ptssmzxd,hache (outils et instruments divers),tm-9xdig6kt,outils et instruments divers
tm-pu2pe2kc,saint Crisant,tm-wnsvi7uz,"apôtres, évangélistes, saints et saintes"
tm-pubsh74k,hyène,tm-es22d6su,animaux
tm-pufnyopg,hospitalité d'Abraham,tm-dferfdbu,Bible
tm-puh3vnfz,Quintilien,tm-chm6nfv2,personnages historiques litteraires et mythologiques
tm-pumy2v4z,échasse,tm-qhsmnjeu,moyens de transport
tm-puqvtgdr,Tobit bénissant son fils,tm-dferfdbu,Bible
tm-pvhuamtf,charité,tm-mxk5b5af,vertus et vices (thèmes)
tm-pvmbpqw4,crucifixion de saint Pierre,tm-yl47emxq,saints et saintes
tm-pvrabydv,"zodiaque-verseau (homme, animal, nature)",tm-4cuzvu8k,"homme, animal, nature"
tm-pvriqfuk,oiseaux en file,tm-4cuzvu8k,"homme, animal, nature"
tm-pvz2vk3h,esule,tm-dgunamb6,végétaux
tm-pwnnj866,Force (personnifications et allégories),tm-6vzkr8da,personnifications et allégories
tm-pwrj6sdo,Tellus,tm-chm6nfv2,personnages historiques litteraires et mythologiques
tm-pwsmvzef,saint Gélase Ier,tm-wnsvi7uz,"apôtres, évangélistes, saints et saintes"
tm-pwwqxq84,quatre premiers sceaux de l'Apocalypse,tm-dferfdbu,Bible
tm-pwywtfwp,saint Laurent ressucité,tm-yl47emxq,saints et saintes
tm-px6ptsyt,tentation d'Adam et Ève,tm-dferfdbu,Bible
tm-pxnkdzwe,procession,tm-hmgjebc8,déplacements
tm-pxph757a,mort (thème),tm-nrthhnsw,naissance et mort
tm-pxr5ebjq,roi d'Aragon,tm-kdmndh48,catégories sociales et peuples
tm-pxrs9cdu,Éole,tm-chm6nfv2,personnages historiques litteraires et mythologiques
tm-py2agw8f,saint Célestin V,tm-wnsvi7uz,"apôtres, évangélistes, saints et saintes"
tm-py2pfcrz,maquereau,tm-es22d6su,animaux
tm-pyfl7noy,putois,tm-es22d6su,animaux
tm-pyhccf3y,Clytemnestre,tm-chm6nfv2,personnages historiques litteraires et mythologiques
tm-pynsvltr,rosée,tm-nvexrnma,éléments naturels et intempéries
tm-pyrjjcgo,zodiaque-sagittaire,tm-paifj62y,cosmos
tm-pz3akbc2,paresse,tm-mxk5b5af,vertus et vices (thèmes)
tm-pz7m22nl,pendaison,tm-twr3g7gr,peines corporelles et chatiments
tm-pzfakvkh,Baudoin II,tm-chm6nfv2,personnages historiques litteraires et mythologiques
tm-pzgh9ced,homme,tm-4cuzvu8k,"homme, animal, nature"
tm-pzhshcjd,Trajan,tm-chm6nfv2,personnages historiques litteraires et mythologiques
tm-pzjfuxty,roi de Perse et reconstruction du temple,tm-dferfdbu,Bible
tm-pzvveuq5,planète Mercure,tm-paifj62y,cosmos
tm-pzxrhoez,sainte Catherine et le martyre des docteurs d'Alexandrie,tm-yl47emxq,saints et saintes
tm-q22nhf2p,faucille,tm-9xdig6kt,outils et instruments divers
tm-q2fdplgn,henné,tm-dgunamb6,végétaux
tm-q2p5v3fn,Parques,tm-chm6nfv2,personnages historiques litteraires et mythologiques
tm-q2sccdfy,danse de David,tm-dferfdbu,Bible
tm-q39dod43,sainte Praxède,tm-wnsvi7uz,"apôtres, évangélistes, saints et saintes"
tm-q3cefpxo,Osée et les rois d'Israël,tm-dferfdbu,Bible
tm-q3xuwjbx,chevalier gambette,tm-es22d6su,animaux
tm-q47bbhwr,cornemuse,tm-adjk7xgi,instruments de musique
tm-q4fqi9ff,fourchette,tm-hnxe45cj,objets domestiques
tm-q4lwlchz,triangle,tm-adjk7xgi,instruments de musique
tm-q4vl3ga7,main de Dieu entourée...,tm-dferfdbu,Bible
tm-q5m4vb4d,naissance de Yizréel,tm-dferfdbu,Bible
tm-q6auzs3b,Christ en route pour Jérusalem,tm-dferfdbu,Bible
tm-q6fackma,hypocrisie,tm-mxk5b5af,vertus et vices (thèmes)
tm-q6honosw,semailles,tm-kgvsqwxd,activités rurales
tm-q7d4yzpk,sacrifice de Noé,tm-dferfdbu,Bible
tm-q7i8tbta,tartre,tm-voqsjov6,substances naturelles
tm-q85bp9sa,Vierge aux épis,tm-dferfdbu,Bible
tm-q8g7u8z3,ablette,tm-es22d6su,animaux
tm-q8hp3djf,asphodèle,tm-dgunamb6,végétaux
tm-q8nkkwyn,audition,tm-sjsrgabv,vie corporelle
tm-q8vcehkz,ail sauvage,tm-dgunamb6,végétaux
tm-q8yzjjp3,vendange,tm-kgvsqwxd,activités rurales
tm-q9sen8lk,âges de la vie,tm-nrthhnsw,naissance et mort
tm-q9z76vwk,lion dressé,tm-4cuzvu8k,"homme, animal, nature"
tm-qahkmkqw,Otton II le Roux,tm-chm6nfv2,personnages historiques litteraires et mythologiques
tm-qaljrlge,nautile,tm-es22d6su,animaux
tm-qanqykpx,décapitation de saint Candide,tm-yl47emxq,saints et saintes
tm-qat6g2qt,élatérium,tm-dgunamb6,végétaux
tm-qazwkhpo,Christ guérissant un possédé,tm-dferfdbu,Bible
tm-qb889qlb,dragons entrelacés,tm-4cuzvu8k,"homme, animal, nature"
tm-qbat8rzt,saint Innocent Ier,tm-wnsvi7uz,"apôtres, évangélistes, saints et saintes"
tm-qbdlxnvk,Honorius II,tm-chm6nfv2,personnages historiques litteraires et mythologiques
tm-qbdshrmx,prunier,tm-dgunamb6,végétaux
tm-qbhdr3bt,Orgueil (personnifications et allégories),tm-6vzkr8da,personnifications et allégories
tm-qbjx5qyu,constellation-serpentaire,tm-paifj62y,cosmos
tm-qbnjx8rq,argent,tm-voqsjov6,substances naturelles
tm-qcxhde3e,fiole,tm-xhaodmx4,récipients et contenants
tm-qdbpqema,Ochozias envoyant un messager auprès d'Élie,tm-dferfdbu,Bible
tm-qdg7gdoe,Sénèque,tm-chm6nfv2,personnages historiques litteraires et mythologiques
tm-qdkbrrn3,bonacon,tm-es22d6su,animaux
tm-qdntfg3n,urine,tm-xz4pq72a,corps humain et animal
tm-qdy6tedj,pardon,tm-5ghnfhtz,relations entre personnages
tm-qepaf9nd,limbes,tm-codyk7ew,lieux
tm-qexjw6vf,bourse-à-pasteur,tm-dgunamb6,végétaux
tm-qeykaft2,Danaé,tm-chm6nfv2,personnages historiques litteraires et mythologiques
tm-qffsbazx,Séleucos,tm-chm6nfv2,personnages historiques litteraires et mythologiques
tm-qfkyydyk,camphre,tm-voqsjov6,substances naturelles
tm-qfzsr5vb,Samson retirant le miel de la gueule du lion,tm-dferfdbu,Bible
tm-qg2ybuui,Joseph interprétant le songe de l'échanson,tm-dferfdbu,Bible
tm-qgljnef5,bronze,tm-voqsjov6,substances naturelles
tm-qgsqyuyq,gourde,tm-xhaodmx4,récipients et contenants
tm-qguhwar9,Leubile,tm-chm6nfv2,personnages historiques litteraires et mythologiques
tm-qgvwp5sz,saint Eucher de Lyon,tm-wnsvi7uz,"apôtres, évangélistes, saints et saintes"
tm-qgychavq,mur,tm-dtfhjmhe,éléments d'architecture
tm-qhgxrrps,vision d'Ézéchiel : résurrection des morts,tm-dferfdbu,Bible
tm-qj2ns7xh,anthropocéphale,tm-es22d6su,animaux
tm-qjdensax,viticelle,tm-dgunamb6,végétaux
tm-qjgygejc,parabole de l'obole de la veuve,tm-dferfdbu,Bible
tm-qjkyday6,Néhémie et la purification du Temple,tm-dferfdbu,Bible
tm-qjlemc7n,ânon,tm-es22d6su,animaux
tm-qjsxpiad,cueillette,tm-kgvsqwxd,activités rurales
tm-qkcf9yjx,apôtres-12,tm-wnsvi7uz,"apôtres, évangélistes, saints et saintes"
tm-qkgdmj45,Franchise,tm-chm6nfv2,personnages historiques litteraires et mythologiques
tm-qldltv7g,confirmation,tm-qaccoaqf,sacrements et rituels
tm-qljae7we,Caligula,tm-chm6nfv2,personnages historiques litteraires et mythologiques
tm-qlsdfsfp,artisan,tm-kdmndh48,catégories sociales et peuples
tm-qm2fe2bj,Minos,tm-chm6nfv2,personnages historiques litteraires et mythologiques
tm-qm9kymqs,animal terrestre zoophage,tm-4cuzvu8k,"homme, animal, nature"
tm-qmfhcsey,ange de Philadelphie,tm-dferfdbu,Bible
tm-qmt8m4fu,anges-9 ordres,tm-aww2uwsc,personnages divins ou surnaturels
tm-qmvnvruc,sainte Agnès,tm-wnsvi7uz,"apôtres, évangélistes, saints et saintes"
tm-qmynbf8q,castor,tm-es22d6su,animaux
tm-qmypyzjx,David combattant le lion,tm-dferfdbu,Bible
tm-qndpc5uy,mousse,tm-dgunamb6,végétaux
tm-qnfmrf8t,scène de botanique,tm-nh4p7ibg,arts et savoirs
tm-qnn8vxqp,cheveu-de-vénus,tm-dgunamb6,végétaux
tm-qnp4jn8z,sumac,tm-dgunamb6,végétaux
tm-qnqaeczr,avril,tm-k7prxdpw,temps
tm-qoqzwvqb,Esculape,tm-chm6nfv2,personnages historiques litteraires et mythologiques
tm-qpbe4v34,prodige,tm-h4mihrdw,divin et surnaturel
tm-qpdenhx4,Bon Chevalier,tm-chm6nfv2,personnages historiques litteraires et mythologiques
tm-qpeaedka,Anglais,tm-kdmndh48,catégories sociales et peuples
tm-qpkmygqp,tatou,tm-es22d6su,animaux
tm-qpmyzxkk,Commode,tm-chm6nfv2,personnages historiques litteraires et mythologiques
tm-qppzexue,sarclage,tm-kgvsqwxd,activités rurales
tm-qpyshudm,armure,tm-smvsgy3q,armes
tm-qq2dewln,personnages combattant ou luttant,tm-pqk44ebu,personnages
tm-qqbcwu7g,Charles V le Sage,tm-chm6nfv2,personnages historiques litteraires et mythologiques
tm-qqey8hwr,personnage lisant,tm-pqk44ebu,personnages
tm-qqfxhnu9,Persée,tm-chm6nfv2,personnages historiques litteraires et mythologiques
tm-qqmhwl9x,poulailler,tm-dtfhjmhe,éléments d'architecture
tm-qqtakcgp,Dieu ordonnant à Noé de construire l'Arche,tm-dferfdbu,Bible
tm-qqtogvse,sainte Radegonde apparaissant en songe à Domolenus,tm-yl47emxq,saints et saintes
tm-qqypkucs,"zodiaque-sagittaire (homme, animal, nature)",tm-4cuzvu8k,"homme, animal, nature"
tm-qr4denut,constellation-andromède,tm-paifj62y,cosmos
tm-qrfrgnfp,squelette,tm-xz4pq72a,corps humain et animal
tm-qrk7pjx8,sainte Radegonde priant dans sa cellule,tm-yl47emxq,saints et saintes
tm-qru56etn,Soleil (personnifications et allégories),tm-6vzkr8da,personnifications et allégories
tm-qsfhtx7w,"zodiaque-capricorne (homme, animal, nature)",tm-4cuzvu8k,"homme, animal, nature"
tm-qsgfmobw,cour,tm-juhs4qki,pouvoir (thèmes)
tm-qsgfpepu,liseron soldanelle,tm-dgunamb6,végétaux
tm-qsp7knaq,huître,tm-es22d6su,animaux
tm-qsshwgdn,saint Ignace,tm-wnsvi7uz,"apôtres, évangélistes, saints et saintes"
tm-qtizdqpx,repas d'Hérode Antipas,tm-dferfdbu,Bible
tm-qtjhnfrk,zodiaque-cancer,tm-paifj62y,cosmos
tm-qtmcccbv,été,tm-k7prxdpw,temps
tm-qturayvn,Isaac refusant de bénir Ésaü,tm-dferfdbu,Bible
tm-qtywv9xs,laïc,tm-gie9c6et,clercs et statuts religieux
tm-qu3u6fvb,pyrèthre,tm-dgunamb6,végétaux
tm-quabd8ga,fortification,tm-dtfhjmhe,éléments d'architecture
tm-qucshbfi,étoile,tm-paifj62y,cosmos
tm-qunkh2bt,personnage entre animaux,tm-pqk44ebu,personnages
tm-quooebdm,vision d'Isaïe : Dieu entre les séraphins,tm-dferfdbu,Bible
tm-qutvnpc5,champ,tm-rjrpwa7c,éléments du paysage
tm-quvpyrk9,apparition de Dieu à Isaïe,tm-dferfdbu,Bible
tm-quywvim8,Adam et sa descendance,tm-dferfdbu,Bible
tm-qv58mwe4,Ruth glanant dans les champs de Booz,tm-dferfdbu,Bible
tm-qvdbnedd,Méduse,tm-chm6nfv2,personnages historiques litteraires et mythologiques
tm-qvgpkadd,zodiaque-balance,tm-paifj62y,cosmos
tm-qvyhzg4q,Éphèse,tm-codyk7ew,lieux
tm-qwakzcgj,aristoloche longue,tm-dgunamb6,végétaux
tm-qwm5x3yr,pard,tm-es22d6su,animaux
tm-qwmsscbq,air,tm-nvexrnma,éléments naturels et intempéries
tm-qwnej9df,Charlemagne,tm-chm6nfv2,personnages historiques litteraires et mythologiques
tm-qwrgdn9f,Ninive,tm-codyk7ew,lieux
tm-qwsfeqbn,gavage,tm-rqhbyapw,alimentation
tm-qwuv4sry,saint Julien du Mans,tm-wnsvi7uz,"apôtres, évangélistes, saints et saintes"
tm-qxfemjav,Gratien Ier,tm-chm6nfv2,personnages historiques litteraires et mythologiques
tm-qxqrprxn,parande,tm-es22d6su,animaux
tm-qxy98xr6,Valère Maxime,tm-chm6nfv2,personnages historiques litteraires et mythologiques
tm-qxyahe9b,taille des arbres,tm-t4ksxzbv,"agriculture, artisanat et commerce, vie quotidienne, calendrier"
tm-qxzr9siv,foulage,tm-kgvsqwxd,activités rurales
tm-qyaad6kt,Cérès,tm-chm6nfv2,personnages historiques litteraires et mythologiques
tm-qymrf9ne,points cardinaux,tm-rjrpwa7c,éléments du paysage
tm-qyqv38yw,pavement,tm-dtfhjmhe,éléments d'architecture
tm-qysdyt3d,rue (architecture),tm-dtfhjmhe,éléments d'architecture
tm-qz2bsmqy,personnage buvant,tm-pqk44ebu,personnages
tm-qzbvdn9o,saint Ansbert de Rouen,tm-wnsvi7uz,"apôtres, évangélistes, saints et saintes"
tm-qzf77xzw,constellation-triangle,tm-paifj62y,cosmos
tm-qzjfxkn9,noix de galle,tm-dgunamb6,végétaux
tm-qzmrkmuy,ascension des deux témoins de l'Apocalypse,tm-dferfdbu,Bible
tm-qzog6tfu,prophétie d'Abdias,tm-dferfdbu,Bible
tm-qzrqzk7j,saint Félix,tm-wnsvi7uz,"apôtres, évangélistes, saints et saintes"
tm-qzvr7mca,orfèvrerie,tm-yvy9sjme,activités artisanales
tm-r2lmwtrb,saint Genès de Rome,tm-wnsvi7uz,"apôtres, évangélistes, saints et saintes"
tm-r2wlghuc,Sardanapale,tm-chm6nfv2,personnages historiques litteraires et mythologiques
tm-r3ewcvq9,onction de Saül par Samuel,tm-dferfdbu,Bible
tm-r4ffmybb,Tobit et le roi Salmanasar,tm-dferfdbu,Bible
tm-r4fjlqmo,bouquetin,tm-es22d6su,animaux
tm-r54h4lcs,imposition des mains,tm-qaccoaqf,sacrements et rituels
tm-r5jkared,saint Agathon,tm-wnsvi7uz,"apôtres, évangélistes, saints et saintes"
tm-r5vdayfy,amande,tm-dgunamb6,végétaux
tm-r6ahv8te,Mort (personnifications et allégories),tm-6vzkr8da,personnifications et allégories
tm-r6qc6tks,Zénon l'Isaurien,tm-chm6nfv2,personnages historiques litteraires et mythologiques
tm-r7xqk8ab,ânesse,tm-es22d6su,animaux
tm-r8hvkhb9,coffre,tm-kdmavf4s,meubles
tm-r8jru3yq,archidiacre,tm-gie9c6et,clercs et statuts religieux
tm-r8kwenor,parabole du grain de sénevé,tm-dferfdbu,Bible
tm-r8uedq8r,Innocent IV,tm-chm6nfv2,personnages historiques litteraires et mythologiques
tm-r9pgfpve,sainte Barbe,tm-wnsvi7uz,"apôtres, évangélistes, saints et saintes"
tm-r9zmbdkh,tamaris,tm-dgunamb6,végétaux
tm-ra7rfucj,saint Adrien,tm-wnsvi7uz,"apôtres, évangélistes, saints et saintes"
tm-ra9kmksn,mauvais riche,tm-ka9s5rfg,personnages du Nouveau Testament
tm-raddv8qc,perdrix,tm-es22d6su,animaux
tm-ramxaadu,saint Paul,tm-wnsvi7uz,"apôtres, évangélistes, saints et saintes"
tm-raszqepq,ordre,tm-juhs4qki,pouvoir (thèmes)
tm-rayv9fg5,Louis Ier le Germanique,tm-chm6nfv2,personnages historiques litteraires et mythologiques
tm-raz86kyw,mélancolie,tm-ru4qcmye,sentiments et sexualite
tm-rb732fey,Amalécite,tm-kdmndh48,catégories sociales et peuples
tm-rbahbh2g,vol,tm-akjcakin,"dons, échanges et mesures"
tm-rbfayabw,éponge,tm-voqsjov6,substances naturelles
tm-rbqfwmem,boue,tm-nvexrnma,éléments naturels et intempéries
tm-rcajympr,cavalier au faucon,tm-t4ksxzbv,"agriculture, artisanat et commerce, vie quotidienne, calendrier"
tm-rccuwnyl,couronnement,tm-qaccoaqf,sacrements et rituels
tm-rcrmrvtw,nombril-de-vénus,tm-dgunamb6,végétaux
tm-rcrt3gdr,traction,tm-hmgjebc8,déplacements
tm-rcxjhdz2,saint Savin et saint Cyprien dans la fournaise,tm-yl47emxq,saints et saintes
tm-rd3udgi3,destruction de Jéricho,tm-dferfdbu,Bible
tm-rd55xwrw,Samson détruisant le temple des Philistins,tm-dferfdbu,Bible
tm-rd87kvu5,cardinal,tm-gie9c6et,clercs et statuts religieux
tm-rd8tlq4u,lunettes,tm-9xdig6kt,outils et instruments divers
tm-rdcaner9,Hélène,tm-chm6nfv2,personnages historiques litteraires et mythologiques
tm-rdtuw6bn,saint Maccabées,tm-wnsvi7uz,"apôtres, évangélistes, saints et saintes"
tm-rdvomdb8,chérubins,tm-dferfdbu,Bible
tm-regdmmcc,prophète assis tenant un phylactère,tm-pqk44ebu,personnages
tm-remoo5ek,pou,tm-es22d6su,animaux
tm-reo8pumj,sacrifice d'Abel et Caïn,tm-dferfdbu,Bible
tm-reqs5wcu,Alphonse VI le Vaillant,tm-chm6nfv2,personnages historiques litteraires et mythologiques
tm-retmyjyf,vrille,tm-9xdig6kt,outils et instruments divers
tm-rew5bfwr,séné,tm-dgunamb6,végétaux
tm-rf5rm7sl,sainte Foy,tm-wnsvi7uz,"apôtres, évangélistes, saints et saintes"
tm-rfafwhkp,mosquée,tm-dtfhjmhe,éléments d'architecture
tm-rfbqujkp,saint Laurent comparaissant devant Decius,tm-yl47emxq,saints et saintes
tm-rfduvg9j,Gédéon châtiant les habitants de Sukkot,tm-dferfdbu,Bible
tm-rfjyc9kx,Colère (personnifications et allégories),tm-6vzkr8da,personnifications et allégories
tm-rfthrkth,âme,tm-clb8u2vx,état du corps et de l'être
tm-rfvxdkpn,vieillards de l'Apocalypse adorant Dieu,tm-dferfdbu,Bible
tm-rgrr2bav,poireau,tm-dgunamb6,végétaux
tm-rgsaevsv,Philistins s'emparant de l'Arche d'Alliance,tm-dferfdbu,Bible
tm-rgwb9h3s,spectacle,tm-n4nxt6at,activités sociales et festives
tm-rgz23ajz,pauvre,tm-kdmndh48,catégories sociales et peuples
tm-rgzcd2ja,Achéloos,tm-chm6nfv2,personnages historiques litteraires et mythologiques
tm-rh4a5tzg,vésicule biliaire,tm-xz4pq72a,corps humain et animal
tm-rh8rwyyw,céleri,tm-dgunamb6,végétaux
tm-rhey54cf,Hector,tm-chm6nfv2,personnages historiques litteraires et mythologiques
tm-rhpnnqkb,Pharaon envoyant chercher Joseph en prison,tm-dferfdbu,Bible
tm-rhuulkkh,Christ prêchant sur la montagne,tm-dferfdbu,Bible
tm-rigd4uc4,séraphins,tm-dferfdbu,Bible
tm-ripldyvs,Vice (personnifications et allégories),tm-6vzkr8da,personnifications et allégories
tm-ritjr7hs,paysan,tm-kdmndh48,catégories sociales et peuples
tm-rj7qndgt,mariage de la Vierge et saint Joseph,tm-dferfdbu,Bible
tm-rjbllatq,saint Laurent enseveli,tm-yl47emxq,saints et saintes
tm-rjrpb5nj,constellation-bouvier,tm-paifj62y,cosmos
tm-rjwx97z3,cabane,tm-dtfhjmhe,éléments d'architecture
tm-rk9cwdhw,funérailles,tm-nrthhnsw,naissance et mort
tm-rkag4isv,Louis IV,tm-chm6nfv2,personnages historiques litteraires et mythologiques
tm-rkczmhup,"Anne, mère de Samuel, en prière",tm-dferfdbu,Bible
tm-rkw3twp8,Daniel nourri par Habacuc,tm-dferfdbu,Bible
tm-rkyigzd7,tortue,tm-es22d6su,animaux
tm-rlrucemg,personnage dans du feuillage,tm-pqk44ebu,personnages
tm-rmddkfj6,Guillaume Gaucelme,tm-chm6nfv2,personnages historiques litteraires et mythologiques
tm-rmej6bhw,saint Pierre et saint Paul comparaissant devant Néron,tm-yl47emxq,saints et saintes
tm-rmocafcw,ordalie,tm-qmpqymzm,justice (thèmes)
tm-rmqyhupm,sureau hièble,tm-dgunamb6,végétaux
tm-rmsknzyx,Valens,tm-chm6nfv2,personnages historiques litteraires et mythologiques
tm-rmuk9okf,fraxinelle,tm-dgunamb6,végétaux
tm-rmxzikfm,hiver,tm-k7prxdpw,temps
tm-rn9uugko,bicéphale (humanoïde),tm-xd3qz4bt,personnages fantastiques et monstres
tm-rncxs3nw,personnage assis,tm-pqk44ebu,personnages
tm-rnfucy5i,Suzanne et les vieillards,tm-dferfdbu,Bible
tm-rnq6sg2z,Élie faisant descendre le feu divin sur les envoyés d'Ochozias,tm-dferfdbu,Bible
tm-rnvzxusy,Saül tentant de tuer David,tm-dferfdbu,Bible
tm-rnzouheu,trident,tm-uyvtjqdl,objets liés à l'animal
tm-ro8xzvxt,jardin,tm-rjrpwa7c,éléments du paysage
tm-ros5h2zh,pilori,tm-9xdig6kt,outils et instruments divers
tm-rotmgs4p,essorillage,tm-twr3g7gr,peines corporelles et chatiments
tm-rp2om3tv,saint Maurice d'Agaune tenant un bouclier et une bannière,tm-yl47emxq,saints et saintes
tm-rp3feh4x,fleur,tm-dgunamb6,végétaux
tm-rpag5yt7,présentation du Christ au temple,tm-dferfdbu,Bible
tm-rpfmrxad,"zodiaque-lion (homme, animal, nature)",tm-4cuzvu8k,"homme, animal, nature"
tm-rppqleuq,intestin,tm-xz4pq72a,corps humain et animal
tm-rpsuvksn,ange donnant un livre à saint Jean,tm-dferfdbu,Bible
tm-rpv3m5va,inceste,tm-ru4qcmye,sentiments et sexualite
tm-rq5zytpg,martin-pêcheur,tm-es22d6su,animaux
tm-rqbwk7z6,sainte Élisabeth,tm-wnsvi7uz,"apôtres, évangélistes, saints et saintes"
tm-rqeybieh,Nahash crevant les yeux des habitants de Yabesh,tm-dferfdbu,Bible
tm-rqirr5vn,martyre de sainte Valérie,tm-yl47emxq,saints et saintes
tm-rqocwxzf,fragon,tm-dgunamb6,végétaux
tm-rqu7lmgv,péridixion,tm-dgunamb6,végétaux
tm-rqwmqfub,interdiction,tm-5ghnfhtz,relations entre personnages
tm-rrchvpse,personnage armé,tm-pqk44ebu,personnages
tm-rrwngw6o,Satan attaquant la cité des saints,tm-dferfdbu,Bible
tm-rsbrujfx,troubadour,tm-kdmndh48,catégories sociales et peuples
tm-rsfhckym,sainte Daria,tm-wnsvi7uz,"apôtres, évangélistes, saints et saintes"
tm-rsugwgdq,équerre,tm-8w59dqrj,instruments de mesure
tm-rtgzubzh,scène d'anatomie,tm-nh4p7ibg,arts et savoirs
tm-rtwfqcyz,toison (substance naturelle),tm-voqsjov6,substances naturelles
tm-rtzsdjoc,langue de passerau,tm-dgunamb6,végétaux
tm-ru6vdngw,Philippe II de Macédoine,tm-chm6nfv2,personnages historiques litteraires et mythologiques
tm-rubnv2uh,veau,tm-es22d6su,animaux
tm-rutubypn,hache (armes),tm-smvsgy3q,armes
tm-ruwslvwq,prosternation,tm-pxcro3sy,attitudes religieuses
tm-ruy9guzo,Idoménée,tm-chm6nfv2,personnages historiques litteraires et mythologiques
tm-ruzfu993,triomphe de Mardochée,tm-dferfdbu,Bible
tm-rv3awyda,Christ lavant les pieds des apôtres,tm-dferfdbu,Bible
tm-rvdpmhqw,noces de sainte Radegonde,tm-yl47emxq,saints et saintes
tm-rvhke9u8,améos,tm-dgunamb6,végétaux
tm-rvpq2ywl,ange jetant Satan en enfer,tm-dferfdbu,Bible
tm-rwdp8klp,étuve,tm-dtfhjmhe,éléments d'architecture
tm-rwnkgdft,empereur,tm-kdmndh48,catégories sociales et peuples
tm-rwrnrgr7,duc de Bavière,tm-kdmndh48,catégories sociales et peuples
tm-rws4mcgh,discorde,tm-mxk5b5af,vertus et vices (thèmes)
tm-rwshbisj,plat,tm-hnxe45cj,objets domestiques
tm-rwyttdk6,invention,tm-l4c6ncu5,relations entre personnage et objet
tm-rxbeqraj,Clotilde,tm-chm6nfv2,personnages historiques litteraires et mythologiques
tm-rxnvyuh5,prostituée de l'Apocalypse sur le dragon,tm-dferfdbu,Bible
tm-rxpb2i6w,Angleterre,tm-codyk7ew,lieux
tm-ry3tk3of,gimgembre,tm-dgunamb6,végétaux
tm-ry4inem7,moniale,tm-gie9c6et,clercs et statuts religieux
tm-ryeztgau,Télégonos,tm-chm6nfv2,personnages historiques litteraires et mythologiques
tm-rylvvfvw,saint Léonard,tm-wnsvi7uz,"apôtres, évangélistes, saints et saintes"
tm-ryxth6zy,millepertuis,tm-dgunamb6,végétaux
tm-rz2zbe2m,thapsia,tm-dgunamb6,végétaux
tm-rzddic4r,Thierry III,tm-chm6nfv2,personnages historiques litteraires et mythologiques
tm-rzjzafqt,utérus,tm-xz4pq72a,corps humain et animal
tm-rzreumbp,purification des lèvres d'Isaïe avec un charbon ardent,tm-dferfdbu,Bible
tm-s2nbwr34,poivre,tm-dgunamb6,végétaux
tm-s3fpjjpg,Rébecca,tm-8dvxtncr,personnages de l'Ancien Testament
tm-s4tgnq6d,chicorée sauvage,tm-dgunamb6,végétaux
tm-s4tntg5l,funérailles de saint Taurin,tm-yl47emxq,saints et saintes
tm-s6eccegt,Médée,tm-chm6nfv2,personnages historiques litteraires et mythologiques
tm-s6gov37r,saint Cyprien supplicié par la roue,tm-yl47emxq,saints et saintes
tm-s77vqjbr,Tabor,tm-codyk7ew,lieux
tm-s7kseaxd,saint Apollinaire,tm-wnsvi7uz,"apôtres, évangélistes, saints et saintes"
tm-s8lrbfwa,aile,tm-xz4pq72a,corps humain et animal
tm-s8v3jp24,cyclope,tm-xd3qz4bt,personnages fantastiques et monstres
tm-s9hdy7kp,Jessé,tm-8dvxtncr,personnages de l'Ancien Testament
tm-s9jsyqyv,débarquement,tm-hmgjebc8,déplacements
tm-s9w5zfhk,tithymale,tm-dgunamb6,végétaux
tm-sagtrtef,serpe,tm-9xdig6kt,outils et instruments divers
tm-sah3bcne,banquet d'Assuérus,tm-dferfdbu,Bible
tm-sakryo7a,vision de l'anonyme,tm-dferfdbu,Bible
tm-sb4trrdv,décan,tm-paifj62y,cosmos
tm-sb7hbcym,Élimélek et sa famille quittant Bethléem,tm-dferfdbu,Bible
tm-sbgpzwhn,requête,tm-5ghnfhtz,relations entre personnages
tm-sblh8tom,nigelle,tm-dgunamb6,végétaux
tm-sbmunxj3,Louis X le Hutin,tm-chm6nfv2,personnages historiques litteraires et mythologiques
tm-sbtspmhy,caméléon,tm-es22d6su,animaux
tm-schq8ksb,voyage,tm-hmgjebc8,déplacements
tm-sctxwxfk,coing,tm-dgunamb6,végétaux
tm-sd9bs6rf,germandrée petit-chêne,tm-dgunamb6,végétaux
tm-sda3o3nv,galbanum,tm-dgunamb6,végétaux
tm-sdcp923y,place,tm-dtfhjmhe,éléments d'architecture
tm-seejkohk,brique,tm-dtfhjmhe,éléments d'architecture
tm-septz6kr,Aliénor d'Aquitaine,tm-chm6nfv2,personnages historiques litteraires et mythologiques
tm-sezpqpva,élevage,tm-kgvsqwxd,activités rurales
tm-sf2crvs6,chien-loup,tm-es22d6su,animaux
tm-sf7p9gqm,noces de l'agneau divin,tm-dferfdbu,Bible
tm-sfaypucb,pied,tm-xz4pq72a,corps humain et animal
tm-sfdnw78r,prêtre juif,tm-gie9c6et,clercs et statuts religieux
tm-sfrtbltu,mitre,tm-ukd2sjju,objets liturgiques et funéraires
tm-sfwvgrll,arbalète,tm-smvsgy3q,armes
tm-sgdxywfz,saint Pierre,tm-wnsvi7uz,"apôtres, évangélistes, saints et saintes"
tm-sgkkevwk,principautés (sujet),tm-dferfdbu,Bible
tm-sgsqrkgw,première résurrection,tm-dferfdbu,Bible
tm-shbm5jte,lièvre,tm-es22d6su,animaux
tm-sherbt2y,Christ trônant,tm-dferfdbu,Bible
tm-shi8dy9u,Phèdre,tm-chm6nfv2,personnages historiques litteraires et mythologiques
tm-shiglepn,excommunication,tm-qaccoaqf,sacrements et rituels
tm-shjurykq,aiguière,tm-xhaodmx4,récipients et contenants
tm-showckdd,scène de philosophie,tm-nh4p7ibg,arts et savoirs
tm-siuqxl7t,arithmétique,tm-ceentecm,étude et savoir
tm-sj7yhxzo,coupole,tm-dtfhjmhe,éléments d'architecture
tm-sjiue935,Amant,tm-chm6nfv2,personnages historiques litteraires et mythologiques
tm-sjjzv77s,escalier,tm-dtfhjmhe,éléments d'architecture
tm-sjlmgkk7,animal terrestre replié sur lui-même,tm-4cuzvu8k,"homme, animal, nature"
tm-sk4f9zj5,cadran solaire,tm-8w59dqrj,instruments de mesure
tm-skjruami,colombe du saint-esprit,tm-dferfdbu,Bible
tm-sksizqrt,témoin,tm-kdmndh48,catégories sociales et peuples
tm-skvzphqq,lentille d'eau,tm-dgunamb6,végétaux
tm-slu3ybsn,Joël,tm-8dvxtncr,personnages de l'Ancien Testament
tm-slwzjw97,Dalila coupant les cheveux de Samson,tm-dferfdbu,Bible
tm-slzuy7ve,rossignol,tm-es22d6su,animaux
tm-smnd2nxq,Alexandre le Grand,tm-chm6nfv2,personnages historiques litteraires et mythologiques
tm-smndxbgh,saint Léger,tm-wnsvi7uz,"apôtres, évangélistes, saints et saintes"
tm-smodwsmt,empereur d'Occident,tm-kdmndh48,catégories sociales et peuples
tm-smvkh2p3,luxure,tm-mxk5b5af,vertus et vices (thèmes)
tm-sn5lyopt,Scipion l'Africain,tm-chm6nfv2,personnages historiques litteraires et mythologiques
tm-sndggwz9,flamant rose,tm-es22d6su,animaux
tm-snfgxqj3,pierre de l'azur,tm-voqsjov6,substances naturelles
tm-snfjrf73,vertu,tm-mxk5b5af,vertus et vices (thèmes)
tm-sni2jtng,bison,tm-es22d6su,animaux
tm-snltmbk2,saint Césaire d'Arles,tm-wnsvi7uz,"apôtres, évangélistes, saints et saintes"
tm-snyihmxp,harpe,tm-adjk7xgi,instruments de musique
tm-sosunrkd,dragon se mordant la queue,tm-4cuzvu8k,"homme, animal, nature"
tm-soyfpgzg,présentation,tm-5ghnfhtz,relations entre personnages
tm-spcu9rfb,saint Taurin ressuscitant Marinus,tm-yl47emxq,saints et saintes
tm-spdxtubp,Hécube,tm-chm6nfv2,personnages historiques litteraires et mythologiques
tm-splqa9a9,Crispus,tm-chm6nfv2,personnages historiques litteraires et mythologiques
tm-sptama6z,inspiration diabolique,tm-h4mihrdw,divin et surnaturel
tm-spypnbwv,Marguerite,tm-dgunamb6,végétaux
tm-spyztor9,cellule,tm-dtfhjmhe,éléments d'architecture
tm-sq7sjs5l,glace,tm-nvexrnma,éléments naturels et intempéries
tm-sqydxkbw,abattage du cochon,tm-t4ksxzbv,"agriculture, artisanat et commerce, vie quotidienne, calendrier"
tm-sr58jjye,Télamon Ajax,tm-chm6nfv2,personnages historiques litteraires et mythologiques
tm-sr6nay6b,prise d'habit,tm-qaccoaqf,sacrements et rituels
tm-srbgwhyt,Guiron le Courtois,tm-chm6nfv2,personnages historiques litteraires et mythologiques
tm-srckqyaz,mort de Jézabel,tm-dferfdbu,Bible
tm-srehuu9k,vierge folle,tm-ka9s5rfg,personnages du Nouveau Testament
tm-srfygyb5,lion et personnage,tm-4cuzvu8k,"homme, animal, nature"
tm-srofwpyt,hermine,tm-es22d6su,animaux
tm-srwycs5r,tiare,tm-ukd2sjju,objets liturgiques et funéraires
tm-ss2ohak4,fœtus,tm-clb8u2vx,état du corps et de l'être
tm-ss5xwxfs,léopard,tm-es22d6su,animaux
tm-ssrd3vfj,sang,tm-xz4pq72a,corps humain et animal
tm-stbtwbwk,haricot,tm-dgunamb6,végétaux
tm-sthjqa4x,Judith enivrant Holopherne,tm-dferfdbu,Bible
tm-stn3bsab,Vieillesse,tm-6vzkr8da,personnifications et allégories
tm-stsojzj9,menthe sauvage,tm-dgunamb6,végétaux
tm-stwb4gdw,saint Antoine de Padoue,tm-wnsvi7uz,"apôtres, évangélistes, saints et saintes"
tm-su9gzyxa,sédum reprise,tm-dgunamb6,végétaux
tm-subvzpni,saint Michel,tm-aww2uwsc,personnages divins ou surnaturels
tm-suh3stuu,zoomorphe,tm-xd3qz4bt,personnages fantastiques et monstres
tm-susmnazq,blaireau,tm-es22d6su,animaux
tm-suzc6chl,Furie,tm-chm6nfv2,personnages historiques litteraires et mythologiques
tm-sv297fut,cuve,tm-xhaodmx4,récipients et contenants
tm-sv7wux5w,saint Hugues de Cluny,tm-wnsvi7uz,"apôtres, évangélistes, saints et saintes"
tm-svbmog39,bœuf ailé,tm-es22d6su,animaux
tm-svcahr7m,calice,tm-ukd2sjju,objets liturgiques et funéraires
tm-svgbynnk,ortie,tm-dgunamb6,végétaux
tm-svgjrat3,herbe à la paralysie,tm-dgunamb6,végétaux
tm-svmdofgp,psaume 110 : trinité du psautier,tm-dferfdbu,Bible
tm-svxhqgr4,augustin,tm-gie9c6et,clercs et statuts religieux
tm-sw7yity5,création d'adam,tm-dferfdbu,Bible
tm-swbbmwqx,Alexis V,tm-chm6nfv2,personnages historiques litteraires et mythologiques
tm-swcw3kyc,romarin,tm-dgunamb6,végétaux
tm-swhsadnx,plaie d'Égypte : la grêle,tm-dferfdbu,Bible
tm-sws24mmj,sphère armillaire,tm-8w59dqrj,instruments de mesure
tm-swxsjr4p,disciple,tm-kdmndh48,catégories sociales et peuples
tm-sxbdvvp3,griffon buvant dans une coupe,tm-4cuzvu8k,"homme, animal, nature"
tm-sxnxdfha,lumière,tm-nvexrnma,éléments naturels et intempéries
tm-sxrufcws,vigne,tm-dgunamb6,végétaux
tm-sxuidrbh,martinet,tm-es22d6su,animaux
tm-sy7bn7hr,saint Taurin prêchant les Ébroïciens,tm-yl47emxq,saints et saintes
tm-sy9vvzbm,Vierge montrant sa poitrine au Christ,tm-dferfdbu,Bible
tm-sybtvdut,Holopherne,tm-8dvxtncr,personnages de l'Ancien Testament
tm-syt5vqx9,Achille,tm-chm6nfv2,personnages historiques litteraires et mythologiques
tm-sz7srifg,couronne,tm-e37knvgu,insignes
tm-szmd9g7w,patène,tm-ukd2sjju,objets liturgiques et funéraires
tm-sznqjiy2,hypociste,tm-dgunamb6,végétaux
tm-szoa784z,ciseau,tm-9xdig6kt,outils et instruments divers
tm-szuhgqxd,Christ en gloire entouré de saints,tm-dferfdbu,Bible
tm-t25udcsn,Ève au travail,tm-dferfdbu,Bible
tm-t2g5lcfg,moulin,tm-dtfhjmhe,éléments d'architecture
tm-t2uvbyhy,hématite (végétaux),tm-dgunamb6,végétaux
tm-t2yypeg3,farine,tm-b9hasrrk,aliments
tm-t35y7br4,plantation,tm-kgvsqwxd,activités rurales
tm-t3bmfhze,Saül au tombeau de Rachel,tm-dferfdbu,Bible
tm-t3eufvzb,parole,tm-952iiyye,parole (thèmes)
tm-t4fwhukv,scène d'étude,tm-nh4p7ibg,arts et savoirs
tm-t5mhprft,Vespasien,tm-chm6nfv2,personnages historiques litteraires et mythologiques
tm-t63j3geq,colère de Saül,tm-dferfdbu,Bible
tm-t6gnkikh,carotte sauvage,tm-dgunamb6,végétaux
tm-t6qzzxxy,tigre,tm-es22d6su,animaux
tm-t75upfyn,saint Prosper,tm-wnsvi7uz,"apôtres, évangélistes, saints et saintes"
tm-t7c9kq9x,oiseau à tête recourbée,tm-4cuzvu8k,"homme, animal, nature"
tm-t7tilrqt,captivité,tm-qmpqymzm,justice (thèmes)
tm-t7tjrveq,Moïse brisant le veau d'or,tm-dferfdbu,Bible
tm-t7uoh5js,Louis II le Jeune,tm-chm6nfv2,personnages historiques litteraires et mythologiques
tm-t83dff2a,saint Debout tenant une couronne,tm-yl47emxq,saints et saintes
tm-t87zjdny,pervenche,tm-dgunamb6,végétaux
tm-t8kq62o4,oiseau dans des feuillages,tm-4cuzvu8k,"homme, animal, nature"
tm-t8sfase7,horloge,tm-8w59dqrj,instruments de mesure
tm-t8ulqdme,saint Vital,tm-wnsvi7uz,"apôtres, évangélistes, saints et saintes"
tm-t8wdqsiz,Louis Ier le Pieux,tm-chm6nfv2,personnages historiques litteraires et mythologiques
tm-t9kiqsfz,Tite Live,tm-chm6nfv2,personnages historiques litteraires et mythologiques
tm-t9mkrxbp,sainte Maure,tm-wnsvi7uz,"apôtres, évangélistes, saints et saintes"
tm-takb73gw,Antiochus III le Grand,tm-chm6nfv2,personnages historiques litteraires et mythologiques
tm-tamktp4w,gratitude,tm-5ghnfhtz,relations entre personnages
tm-tbbqwzfn,dominicain,tm-gie9c6et,clercs et statuts religieux
tm-tbrsefl8,cubède,tm-dgunamb6,végétaux
tm-tbsjfbau,saint Joseph et le miracle de la verge fleurie,tm-dferfdbu,Bible
tm-tbt8dlva,rameau,tm-dgunamb6,végétaux
tm-tbtay862,chardonneret,tm-es22d6su,animaux
tm-tbv4abgg,Dieu ordonnant à Osée d'épouser Gomer,tm-dferfdbu,Bible
tm-tbwfixcb,Venise,tm-codyk7ew,lieux
tm-tbwmkfnv,Bohémond d'Antioche,tm-chm6nfv2,personnages historiques litteraires et mythologiques
tm-tbz9aoku,anges autour d'un personnage,tm-dferfdbu,Bible
tm-tc3zkk7m,zodiaque-bélier,tm-paifj62y,cosmos
tm-tccjdj3k,croisade,tm-yknzerjb,conflit (thèmes)
tm-tcv33wl4,cinomolgue,tm-es22d6su,animaux
tm-tcyhlpcy,adoration,tm-pxcro3sy,attitudes religieuses
tm-td7ps2zr,grande pimprenelle,tm-dgunamb6,végétaux
tm-tdeo4ukf,frappe de la monnaie,tm-yvy9sjme,activités artisanales
tm-tdg3ctxz,abbé,tm-gie9c6et,clercs et statuts religieux
tm-tdgbmuaa,perche,tm-es22d6su,animaux
tm-tdjwcr39,saint Antoine,tm-wnsvi7uz,"apôtres, évangélistes, saints et saintes"
tm-tdmv5pjt,Abdias nourrissant les prophètes,tm-dferfdbu,Bible
tm-tdpf3bqu,Turpin,tm-chm6nfv2,personnages historiques litteraires et mythologiques
tm-tdqexxj9,scène de fête,tm-nh4p7ibg,arts et savoirs
tm-tducruso,Circé,tm-chm6nfv2,personnages historiques litteraires et mythologiques
tm-tdzwumkz,tonte,tm-kgvsqwxd,activités rurales
tm-te3j3gwy,duc d'Urbino,tm-chm6nfv2,personnages historiques litteraires et mythologiques
tm-teuctyx3,mauve des jardins,tm-dgunamb6,végétaux
tm-tevvictw,iris faux-acore,tm-dgunamb6,végétaux
tm-tf9ymdpy,saint Edme,tm-wnsvi7uz,"apôtres, évangélistes, saints et saintes"
tm-tfbhne62,Bégon,tm-chm6nfv2,personnages historiques litteraires et mythologiques
tm-tffrgsdp,tribune,tm-dtfhjmhe,éléments d'architecture
tm-tfgpx2cj,saint Pasteur,tm-wnsvi7uz,"apôtres, évangélistes, saints et saintes"
tm-tfldybdj,cécité,tm-gtia7dmq,soins du corps et maladies
tm-tfxnixb3,reine de Saba,tm-kdmndh48,catégories sociales et peuples
tm-tgjysbpb,clarisse,tm-gie9c6et,clercs et statuts religieux
tm-tgktmtko,saint Étienne,tm-wnsvi7uz,"apôtres, évangélistes, saints et saintes"
tm-tgnqm3vm,canne à pêche,tm-uyvtjqdl,objets liés à l'animal
tm-th5eypsp,parabole des ouvriers de la dernière heure,tm-dferfdbu,Bible
tm-tha8x67q,constellation-corbeau,tm-paifj62y,cosmos
tm-thamdbyi,sainte Radegonde refusant d'écouter la musique profane,tm-yl47emxq,saints et saintes
tm-thfgtqkr,Noir,tm-kdmndh48,catégories sociales et peuples
tm-thtpjked,Pâris,tm-chm6nfv2,personnages historiques litteraires et mythologiques
tm-thuknvfn,Luxure (personnifications et allégories),tm-6vzkr8da,personnifications et allégories
tm-tiu5jrky,pair,tm-kdmndh48,catégories sociales et peuples
tm-tjcaixuv,constellation-centaure,tm-paifj62y,cosmos
tm-tjuc2wu8,Renart,tm-chm6nfv2,personnages historiques litteraires et mythologiques
tm-tkbvfl9z,accusation,tm-qmpqymzm,justice (thèmes)
tm-tkniwkdb,Pépin le Bref,tm-chm6nfv2,personnages historiques litteraires et mythologiques
tm-tkpsxzbb,fuite,tm-hmgjebc8,déplacements
tm-tkt3ukmi,bestiaire,tm-4cuzvu8k,"homme, animal, nature"
tm-tkyddub2,pêche (fruit),tm-dgunamb6,végétaux
tm-tlbfjydf,lauréole,tm-dgunamb6,végétaux
tm-tlbshxdr,Marsyas,tm-chm6nfv2,personnages historiques litteraires et mythologiques
tm-tld6pv2x,gypaète,tm-es22d6su,animaux
tm-tlhnuajr,Flavius Josèphe,tm-chm6nfv2,personnages historiques litteraires et mythologiques
tm-tlumgeuw,annonce à saint Zacharie,tm-dferfdbu,Bible
tm-tms7jthj,Proserpine,tm-chm6nfv2,personnages historiques litteraires et mythologiques
tm-tmtutvqn,reliquaire,tm-ukd2sjju,objets liturgiques et funéraires
tm-tmvryb9b,Antiochus IV Épiphane,tm-chm6nfv2,personnages historiques litteraires et mythologiques
tm-tnlocj6p,tête animale tirant la langue,tm-4cuzvu8k,"homme, animal, nature"
tm-tnmcsppg,oiseau sur une branche,tm-4cuzvu8k,"homme, animal, nature"
tm-tnq4xi8s,Moïse enfant abandonné sur le Nil,tm-dferfdbu,Bible
tm-tnqxbyrs,naufrage,tm-nrthhnsw,naissance et mort
tm-tobme2ih,corail,tm-voqsjov6,substances naturelles
tm-tpdfxdrs,sainte Dorothée,tm-wnsvi7uz,"apôtres, évangélistes, saints et saintes"
tm-tpefrv3a,animaux fantastiques se tenant les pattes,tm-4cuzvu8k,"homme, animal, nature"
tm-tpgfrznm,ange tenant une couronne,tm-dferfdbu,Bible
tm-tpgljyar,nourrice,tm-kdmndh48,catégories sociales et peuples
tm-tpjy7vfh,ellébore noir,tm-dgunamb6,végétaux
tm-tpmufja4,séparation des élus et des damnés,tm-dferfdbu,Bible
tm-tprdjwil,Juif,tm-kdmndh48,catégories sociales et peuples
tm-tpwrzkx5,fraisier,tm-dgunamb6,végétaux
tm-tq8zrb4d,sainte Catherine de Sienne,tm-wnsvi7uz,"apôtres, évangélistes, saints et saintes"
tm-tqmhf5ax,persil,tm-dgunamb6,végétaux
tm-tqpljzng,oxalis,tm-dgunamb6,végétaux
tm-tqzrjhte,merle,tm-es22d6su,animaux
tm-tr6ebnnx,lézard,tm-es22d6su,animaux
tm-tr9cxhoy,échoppe,tm-dtfhjmhe,éléments d'architecture
tm-trjoygm8,Ajax,tm-chm6nfv2,personnages historiques litteraires et mythologiques
tm-trn9krht,Rictiovar,tm-chm6nfv2,personnages historiques litteraires et mythologiques
tm-trnoywes,bêche,tm-9xdig6kt,outils et instruments divers
tm-trpz8ab6,houblon,tm-dgunamb6,végétaux
tm-trtkzsu5,Égypte,tm-codyk7ew,lieux
tm-trtnhhdd,roi,tm-kdmndh48,catégories sociales et peuples
tm-trydrcxy,saint Paphnuce,tm-wnsvi7uz,"apôtres, évangélistes, saints et saintes"
tm-trzfnhjz,animaux terrestres se tenant les pattes,tm-4cuzvu8k,"homme, animal, nature"
tm-ts6nsjyb,Louis XI,tm-chm6nfv2,personnages historiques litteraires et mythologiques
tm-tsatancu,Christ marchant sur les eaux,tm-dferfdbu,Bible
tm-tshpyzy5,pelleterie,tm-yvy9sjme,activités artisanales
tm-tsotrxi6,jonc,tm-dgunamb6,végétaux
tm-tsrd2uud,signe du zodiaque,tm-4cuzvu8k,"homme, animal, nature"
tm-tsrm4f3z,Tobit,tm-8dvxtncr,personnages de l'Ancien Testament
tm-tt8sscko,sainte Radegonde conduite devant Clotaire,tm-yl47emxq,saints et saintes
tm-ttjsbjyk,Faux Semblant,tm-6vzkr8da,personnifications et allégories
tm-ttjwcum8,peinture,tm-yvy9sjme,activités artisanales
tm-ttn9rcar,chiendent,tm-dgunamb6,végétaux
tm-ttq2dl5w,genièvre,tm-dgunamb6,végétaux
tm-ttry6hwj,saint Cyprien de Poitiers,tm-wnsvi7uz,"apôtres, évangélistes, saints et saintes"
tm-ttscdv9j,récolte du miel,tm-t4ksxzbv,"agriculture, artisanat et commerce, vie quotidienne, calendrier"
tm-ttsssnsj,tormentille,tm-dgunamb6,végétaux
tm-tu9tq8xd,Didius Julianus,tm-chm6nfv2,personnages historiques litteraires et mythologiques
tm-tubiumkz,Alceste,tm-chm6nfv2,personnages historiques litteraires et mythologiques
tm-tuezrugx,Alchémille,tm-dgunamb6,végétaux
tm-tuheyaxk,chaussure,tm-boubjbok,"tissus, parures et accessoires"
tm-tusiychq,Eurydice,tm-chm6nfv2,personnages historiques litteraires et mythologiques
tm-tuzvzh69,ascension du Christ,tm-dferfdbu,Bible
tm-tv8pud56,cygne,tm-es22d6su,animaux
tm-tve3eqd6,séraphin,tm-aww2uwsc,personnages divins ou surnaturels
tm-tvvf5fgu,bistorte,tm-dgunamb6,végétaux
tm-tvxtxobh,tour,tm-dtfhjmhe,éléments d'architecture
tm-twan8yy3,suicide de Saül,tm-dferfdbu,Bible
tm-twhgp5a9,carthame des teinturiers,tm-dgunamb6,végétaux
tm-twnfftbh,psaume 81 : David musicien,tm-dferfdbu,Bible
tm-twoljbhv,beurre,tm-b9hasrrk,aliments
tm-twqkqw5b,plante,tm-dgunamb6,végétaux
tm-twtrhymb,saint Martin voit en songe le Christ vêtu du demi-manteau,tm-khljsbs5,"scènes historiques, littéraires et mythologiques"
tm-twwrdypy,spirée-filipendule,tm-dgunamb6,végétaux
tm-tx3ek5sl,épileptique,tm-clb8u2vx,état du corps et de l'être
tm-tx6kyqyh,animal terrestre se mordant une aile,tm-4cuzvu8k,"homme, animal, nature"
tm-txfpw7rh,Damas,tm-codyk7ew,lieux
tm-txhjag8y,rocher,tm-rjrpwa7c,éléments du paysage
tm-txhmxsba,sous-diacre,tm-gie9c6et,clercs et statuts religieux
tm-txpfeeyc,Thisbé pleurant la mort de Pyrame,tm-khljsbs5,"scènes historiques, littéraires et mythologiques"
tm-txqgrmxp,Saül et les musiciens,tm-dferfdbu,Bible
tm-txwqjdmq,vanité,tm-mxk5b5af,vertus et vices (thèmes)
tm-tybylqk2,trônes (sujet),tm-dferfdbu,Bible
tm-tyc9pjq7,ciseaux,tm-9xdig6kt,outils et instruments divers
tm-tyd2j9uu,Temple,tm-codyk7ew,lieux
tm-tyyciphp,jeune homme tenant des végétaux,tm-t4ksxzbv,"agriculture, artisanat et commerce, vie quotidienne, calendrier"
tm-tz5dny5r,marquage,tm-kgvsqwxd,activités rurales
tm-tze4gxz9,fumeterre,tm-dgunamb6,végétaux
tm-tzjqdpb2,grande armoise,tm-dgunamb6,végétaux
tm-tzpzrgcp,satyre,tm-es22d6su,animaux
tm-tztdv5y3,chenille,tm-es22d6su,animaux
tm-tztswu2f,constellation-rivière,tm-paifj62y,cosmos
tm-u3g5sysj,saint Mathias,tm-wnsvi7uz,"apôtres, évangélistes, saints et saintes"
tm-u3rzwvrc,Élisée séparant les eaux du Jourdain,tm-dferfdbu,Bible
tm-u3xudkqx,Nahum,tm-8dvxtncr,personnages de l'Ancien Testament
tm-u4bj4ovq,lion se mordant la queue,tm-4cuzvu8k,"homme, animal, nature"
tm-u4ocktgn,saint Pierre donnant du pain béni aux chiens affamés,tm-yl47emxq,saints et saintes
tm-u4roa8hn,saint Sigismond,tm-wnsvi7uz,"apôtres, évangélistes, saints et saintes"
tm-u5q5fykg,sainte Valérie baptisée par saint Martial,tm-yl47emxq,saints et saintes
tm-u5qrjceb,homme à table,tm-t4ksxzbv,"agriculture, artisanat et commerce, vie quotidienne, calendrier"
tm-u5zm5non,saint Maimbeuf,tm-wnsvi7uz,"apôtres, évangélistes, saints et saintes"
tm-u67al8ke,panthère,tm-es22d6su,animaux
tm-u6kvkhhh,buffle,tm-es22d6su,animaux
tm-u6wuv3zr,reine des Francs,tm-kdmndh48,catégories sociales et peuples
tm-u7dfzged,grimace,tm-sjsrgabv,vie corporelle
tm-u7phcdni,apparition de dieu à Josué,tm-dferfdbu,Bible
tm-u8jpvmfp,ange déversant la première coupe de l'Apocalypse,tm-dferfdbu,Bible
tm-u99pqzem,tonneau,tm-xhaodmx4,récipients et contenants
tm-u9gfpjqa,Osée et sa femme Gomer,tm-dferfdbu,Bible
tm-ua5j8atc,étole,tm-ukd2sjju,objets liturgiques et funéraires
tm-uafsiw6b,David ordonnant la mort de l'Amalécite,tm-dferfdbu,Bible
tm-uaol4xdg,scène de jeu,tm-nh4p7ibg,arts et savoirs
tm-uav98zep,obélisque,tm-dtfhjmhe,éléments d'architecture
tm-uay9em93,Constantin Ier le Grand,tm-chm6nfv2,personnages historiques litteraires et mythologiques
tm-ubd8gjlv,balai,tm-hnxe45cj,objets domestiques
tm-ubydde4v,roux,tm-clb8u2vx,état du corps et de l'être
tm-ucbkjbrd,Tibère III,tm-chm6nfv2,personnages historiques litteraires et mythologiques
tm-ucjtd5aa,siège (conflit),tm-yknzerjb,conflit (thèmes)
tm-ud7nglnr,Samson,tm-8dvxtncr,personnages de l'Ancien Testament
tm-udbhva9r,Clotaire II,tm-chm6nfv2,personnages historiques litteraires et mythologiques
tm-udj5avna,tablette,tm-u3gxy5k2,écrits
tm-udnvya3s,Aeétès,tm-chm6nfv2,personnages historiques litteraires et mythologiques
tm-ue4qs9yo,parabole du semeur,tm-dferfdbu,Bible
tm-uebcg4rf,enclume,tm-9xdig6kt,outils et instruments divers
tm-uested9a,figuier,tm-dgunamb6,végétaux
tm-uex8xykc,bête de l'Apocalypse,tm-es22d6su,animaux
tm-ufhph8hr,rapiste,tm-dgunamb6,végétaux
tm-ufjkckgt,Christ remettant la loi à saint Pierre et à saint Paul,tm-dferfdbu,Bible
tm-ufpdajh6,vision,tm-h4mihrdw,divin et surnaturel
tm-ufqi8lik,barbeau,tm-es22d6su,animaux
tm-ufzozxil,Moïse brisant les tables de la loi,tm-dferfdbu,Bible
tm-ug6hgazv,onguent,tm-voqsjov6,substances naturelles
tm-uggz4k7h,saint Pierre et saint Paul emprisonnés,tm-yl47emxq,saints et saintes
tm-ugspg9ur,amphithéâtre,tm-dtfhjmhe,éléments d'architecture
tm-ugw44tff,Brutus,tm-chm6nfv2,personnages historiques litteraires et mythologiques
tm-ugyaeiwn,sainte Hélène,tm-wnsvi7uz,"apôtres, évangélistes, saints et saintes"
tm-uhdsockx,pierre taillée,tm-dtfhjmhe,éléments d'architecture
tm-uhqwuelc,mangeoire,tm-xhaodmx4,récipients et contenants
tm-uhsj2yfl,deuxième cavalier de l'Apocalypse,tm-dferfdbu,Bible
tm-uhvs8d68,tourterelle,tm-es22d6su,animaux
tm-uiwn7doo,Escanor,tm-chm6nfv2,personnages historiques litteraires et mythologiques
tm-uj7alxns,spectateur,tm-kdmndh48,catégories sociales et peuples
tm-uj8hmpgx,griffon se mordant une aile,tm-4cuzvu8k,"homme, animal, nature"
tm-ujkqen97,philosophie,tm-ceentecm,étude et savoir
tm-ujma2za9,costus,tm-dgunamb6,végétaux
tm-ujpbbrg7,Abstinence contrainte,tm-6vzkr8da,personnifications et allégories
tm-ujpc6zp6,ange sonnant la sixième trompette de l'Apocalypse,tm-dferfdbu,Bible
tm-ujyuons4,carpe,tm-es22d6su,animaux
tm-ujz8sgwb,blette,tm-dgunamb6,végétaux
tm-uk3zzgrd,homme sauvage,tm-clb8u2vx,état du corps et de l'être
tm-ukdn5ogh,Vierge de l'Immaculée Conception,tm-dferfdbu,Bible
tm-ukhwfdjj,sainte Triaise,tm-wnsvi7uz,"apôtres, évangélistes, saints et saintes"
tm-ukyjajye,Christ comparaissant devant Caïphe,tm-dferfdbu,Bible
tm-ulmund4v,suicide de Judas,tm-dferfdbu,Bible
tm-uluhcyz9,Julien l'Apostat,tm-chm6nfv2,personnages historiques litteraires et mythologiques
tm-um28wcec,souris,tm-es22d6su,animaux
tm-umdqguzy,corne (corps humain et animal),tm-xz4pq72a,corps humain et animal
tm-umgyp4zw,bassin,tm-xhaodmx4,récipients et contenants
tm-umnnuthn,gril,tm-hnxe45cj,objets domestiques
tm-umptxyou,mages devant Hérode,tm-dferfdbu,Bible
tm-unb4shvj,controverse de sainte Catherine avec les docteurs d'Alexandrie,tm-yl47emxq,saints et saintes
tm-unhxvrzx,Saturne,tm-chm6nfv2,personnages historiques litteraires et mythologiques
tm-unlhfdrb,renard,tm-es22d6su,animaux
tm-unrqsssr,martre,tm-es22d6su,animaux
tm-untv9mt9,écrasement,tm-yknzerjb,conflit (thèmes)
tm-untxczsm,armoire,tm-kdmavf4s,meubles
tm-unx4knmc,Héliogabale,tm-chm6nfv2,personnages historiques litteraires et mythologiques
tm-unxcdkhz,Gourmandise (personnifications et allégories),tm-6vzkr8da,personnifications et allégories
tm-unxczlgk,Pantocrator entouré d'anges,tm-dferfdbu,Bible
tm-uo5onlc4,saints innocents,tm-wnsvi7uz,"apôtres, évangélistes, saints et saintes"
tm-uoliuysk,saint Cyriaque,tm-wnsvi7uz,"apôtres, évangélistes, saints et saintes"
tm-uotxxccn,saint Ammone,tm-wnsvi7uz,"apôtres, évangélistes, saints et saintes"
tm-uow49nv2,défaite,tm-yknzerjb,conflit (thèmes)
tm-up26fmsv,puits de l'abîme,tm-codyk7ew,lieux
tm-up8srrns,pape,tm-gie9c6et,clercs et statuts religieux
tm-upeifwdb,Lancelot,tm-chm6nfv2,personnages historiques litteraires et mythologiques
tm-uphwypnu,animal fantastique assis,tm-4cuzvu8k,"homme, animal, nature"
tm-upr2mrb2,saint Hugues de Grenoble,tm-wnsvi7uz,"apôtres, évangélistes, saints et saintes"
tm-upuekbsr,Suzanne,tm-8dvxtncr,personnages de l'Ancien Testament
tm-upvkmnsp,lions entrecroisés,tm-4cuzvu8k,"homme, animal, nature"
tm-uq7fjpmh,pourpier,tm-dgunamb6,végétaux
tm-uqdtzclu,buse,tm-es22d6su,animaux
tm-uqk5vuaj,Philosophie (personnifications et allégories),tm-6vzkr8da,personnifications et allégories
tm-uqnfdgqd,loup,tm-es22d6su,animaux
tm-uqukpknr,convive,tm-kdmndh48,catégories sociales et peuples
tm-uquwzdzu,Satan,tm-aww2uwsc,personnages divins ou surnaturels
tm-uqyadqrn,oiseaux adossés autour d'une tête animale,tm-4cuzvu8k,"homme, animal, nature"
tm-ur893cmw,sainte Lucie,tm-wnsvi7uz,"apôtres, évangélistes, saints et saintes"
tm-urc5paqk,mort d'Hortarius,tm-yl47emxq,saints et saintes
tm-urg92xux,Philadelphie,tm-codyk7ew,lieux
tm-urhc7zv9,lions à tête unique,tm-4cuzvu8k,"homme, animal, nature"
tm-urhm8jvf,banane,tm-dgunamb6,végétaux
tm-usas6wy3,Ananie,tm-ka9s5rfg,personnages du Nouveau Testament
tm-usbbfyar,pigamon jaune,tm-dgunamb6,végétaux
tm-uscrrue9,calandre,tm-es22d6su,animaux
tm-uskwqbl3,Lucifer,tm-aww2uwsc,personnages divins ou surnaturels
tm-ust3uxxz,Didon,tm-chm6nfv2,personnages historiques litteraires et mythologiques
tm-ustoeplj,mariage,tm-qaccoaqf,sacrements et rituels
tm-utd8pves,éperon,tm-uyvtjqdl,objets liés à l'animal
tm-uthkbv3c,quatrième cavalier de l'Apocalypse,tm-dferfdbu,Bible
tm-uuafbndp,trotte-bébé,tm-qhsmnjeu,moyens de transport
tm-uuahn8ak,Guy de Baiso,tm-chm6nfv2,personnages historiques litteraires et mythologiques
tm-uudmn4bv,sacre,tm-qaccoaqf,sacrements et rituels
tm-uum36dou,poulpe,tm-es22d6su,animaux
tm-uusej2ie,labyrinthe,tm-dtfhjmhe,éléments d'architecture
tm-uutubwxh,panetier,tm-kdmndh48,catégories sociales et peuples
tm-uvguxkzb,archiprêtre,tm-gie9c6et,clercs et statuts religieux
tm-uvwe8a9w,saint Ambroise d'Agaune,tm-wnsvi7uz,"apôtres, évangélistes, saints et saintes"
tm-uvxmtovu,saint Joseph,tm-wnsvi7uz,"apôtres, évangélistes, saints et saintes"
tm-uvxx65ze,Géryon,tm-chm6nfv2,personnages historiques litteraires et mythologiques
tm-uwkrsp9n,roi de Perse,tm-kdmndh48,catégories sociales et peuples
tm-uwktc6ot,Guillaume V le Grand,tm-chm6nfv2,personnages historiques litteraires et mythologiques
tm-uwmot8d9,David tranchant le manteau de Saül,tm-dferfdbu,Bible
tm-uwrc8uoz,serpent d'airain,tm-njgn49nx,images
tm-uwufeezu,chute des idoles,tm-dferfdbu,Bible
tm-uxeqyvhb,araignée de mer,tm-es22d6su,animaux
tm-uxfjts3m,Octave,tm-chm6nfv2,personnages historiques litteraires et mythologiques
tm-uxidhcjb,sainte Radegonde priant dans son oratoire,tm-yl47emxq,saints et saintes
tm-uxodcdee,scène de grammaire,tm-nh4p7ibg,arts et savoirs
tm-uxs3dmvk,roi d'Israël,tm-kdmndh48,catégories sociales et peuples
tm-uxtkq5hb,Vierge à l'enfant en gloire,tm-dferfdbu,Bible
tm-uyhj6s8y,prophétie de Sophonie : Ninive en proie aux bêtes,tm-dferfdbu,Bible
tm-uykmjfcl,lion musicien,tm-4cuzvu8k,"homme, animal, nature"
tm-uymcqnzc,vinaigre,tm-b9hasrrk,aliments
tm-uymfozgm,enclos,tm-dtfhjmhe,éléments d'architecture
tm-uyudmxuj,blatte,tm-es22d6su,animaux
tm-uywmnlsm,Hugues Capet,tm-chm6nfv2,personnages historiques litteraires et mythologiques
tm-uz6ikg5o,saint Raphaël,tm-aww2uwsc,personnages divins ou surnaturels
tm-uz6nr52j,animal fantastique arrière-train dressé,tm-4cuzvu8k,"homme, animal, nature"
tm-uzhby3qz,parabole du bon Samaritain,tm-dferfdbu,Bible
tm-uzpmjlvl,Aggée,tm-8dvxtncr,personnages de l'Ancien Testament
tm-uztpdeyq,arc,tm-smvsgy3q,armes
tm-v29clam7,Frédéric II,tm-chm6nfv2,personnages historiques litteraires et mythologiques
tm-v2bd93qj,égout,tm-dtfhjmhe,éléments d'architecture
tm-v2ify2la,griffons affrontés,tm-4cuzvu8k,"homme, animal, nature"
tm-v43sqkrm,langue,tm-xz4pq72a,corps humain et animal
tm-v4tpboqn,table,tm-kdmavf4s,meubles
tm-v52civvy,sixième trompette de l'Apocalypse : anges déliés et cavaliers exterminant les hommes,tm-dferfdbu,Bible
tm-v5rx7fx3,langue de bouc,tm-dgunamb6,végétaux
tm-v69g42dn,vision de Zacharie : la pierre aux sept yeux,tm-dferfdbu,Bible
tm-v6mgkzu8,ostriago,tm-dgunamb6,végétaux
tm-v6ztlgca,combat contre la bête de l'Apocalypse,tm-dferfdbu,Bible
tm-v7ba8tcf,martyre des sept frères Maccabée,tm-dferfdbu,Bible
tm-v7fpdq5j,pommier sauvage,tm-dgunamb6,végétaux
tm-v7oibtec,saint Pierre comparaissant devant Néron,tm-yl47emxq,saints et saintes
tm-v7r48int,mariage d'Isaac et Rébecca,tm-dferfdbu,Bible
tm-v7whm5n8,hamster,tm-es22d6su,animaux
tm-v8bntrrp,cordonnerie,tm-yvy9sjme,activités artisanales
tm-v8ew7bef,cheminée,tm-dtfhjmhe,éléments d'architecture
tm-v8icfvfc,idolâtrie de Salomon,tm-dferfdbu,Bible
tm-v8j5wkqr,chapiteau,tm-dtfhjmhe,éléments d'architecture
tm-v8qh2cmf,retable,tm-njgn49nx,images
tm-v8zn7tew,gomme laque,tm-voqsjov6,substances naturelles
tm-v9cbzehh,prophétie d'Habacuc,tm-dferfdbu,Bible
tm-va8m9uxx,messe,tm-qaccoaqf,sacrements et rituels
tm-vaavcvd9,écorchement,tm-twr3g7gr,peines corporelles et chatiments
tm-vaba7687,médaille,tm-e37knvgu,insignes
tm-vaejwsbs,scabieuse-succise,tm-dgunamb6,végétaux
tm-vahgrxjd,barge,tm-es22d6su,animaux
tm-vb8cv6wj,Élisée moqué par des enfants,tm-dferfdbu,Bible
tm-vbazjx7u,chevreuil,tm-es22d6su,animaux
tm-vbjdkfiz,dissimulation,tm-l4c6ncu5,relations entre personnage et objet
tm-vbkdlu6j,Vierge à l'enfant en gloire entourée d'anges,tm-dferfdbu,Bible
tm-vbnbwztr,Oreste,tm-chm6nfv2,personnages historiques litteraires et mythologiques
tm-vcctusin,saint Aubin d'Angers,tm-wnsvi7uz,"apôtres, évangélistes, saints et saintes"
tm-vcddvohg,Gallien,tm-chm6nfv2,personnages historiques litteraires et mythologiques
tm-vcgik6xr,Moïse recevant les tables de la loi,tm-dferfdbu,Bible
tm-vco9c4mk,conflit (sujet),tm-lxfddykj,"pouvoir, justice, conflit"
tm-vdaukmht,Constantin IV Copronyme,tm-chm6nfv2,personnages historiques litteraires et mythologiques
tm-vdencmrw,Ève,tm-8dvxtncr,personnages de l'Ancien Testament
tm-vdnwe26k,Malachie admonestant le clergé,tm-dferfdbu,Bible
tm-vdzns9rr,ange sonnant la deuxième trompette de l'Apocalypse,tm-dferfdbu,Bible
tm-ve3dt3qy,tamarin,tm-dgunamb6,végétaux
tm-veamtbia,stérilité,tm-nrthhnsw,naissance et mort
tm-veb47pde,zodiaque-poisson,tm-paifj62y,cosmos
tm-ved3q5xd,Christ à la faucille,tm-dferfdbu,Bible
tm-vee9tbmz,prophétie d'Aggée,tm-dferfdbu,Bible
tm-ven4nq5s,femme de Lot,tm-8dvxtncr,personnages de l'Ancien Testament
tm-veo2eszf,cresson des fontaines,tm-dgunamb6,végétaux
tm-vesepcgk,personnage courbé,tm-pqk44ebu,personnages
tm-veuriuen,conseiller,tm-kdmndh48,catégories sociales et peuples
tm-vffhhqfx,lavande staechade,tm-dgunamb6,végétaux
tm-vfnbkjmo,gâteau,tm-b9hasrrk,aliments
tm-vfotne7v,sourd,tm-clb8u2vx,état du corps et de l'être
tm-vfrtxhlp,adoration du veau d'or,tm-dferfdbu,Bible
tm-vftqvurc,saint Vincent flagellé,tm-yl47emxq,saints et saintes
tm-vfvugvz2,Pertinax,tm-chm6nfv2,personnages historiques litteraires et mythologiques
tm-vfwzeuc7,bélier,tm-es22d6su,animaux
tm-vg6emoxy,maternité,tm-nrthhnsw,naissance et mort
tm-vgdxqlfd,scène de donation,tm-lxfddykj,"pouvoir, justice, conflit"
tm-vgfcnbqj,prune,tm-dgunamb6,végétaux
tm-vgmc3sho,pierre noire,tm-voqsjov6,substances naturelles
tm-vguva3eu,jonglerie,tm-n4nxt6at,activités sociales et festives
tm-vh3hwrtz,synagogue (architecture),tm-dtfhjmhe,éléments d'architecture
tm-vhganvtq,victoire de Gédéon sur les Madianites,tm-dferfdbu,Bible
tm-vhhmpahv,psaume 110 : binité du psautier,tm-dferfdbu,Bible
tm-vhj2urqn,eau,tm-nvexrnma,éléments naturels et intempéries
tm-vhjrduok,oiseau juché sur un animal terrestre,tm-4cuzvu8k,"homme, animal, nature"
tm-vhw3j6lm,honte,tm-ru4qcmye,sentiments et sexualite
tm-vhwc24gz,"zodiaque-taureau (homme, animal, nature)",tm-4cuzvu8k,"homme, animal, nature"
tm-vhyqfvgg,sirène-poisson à double queue,tm-4cuzvu8k,"homme, animal, nature"
tm-virga4z4,Akân comparaissant devant Josué,tm-dferfdbu,Bible
tm-vj8en3ew,Job éprouvé par satan,tm-dferfdbu,Bible
tm-vjdame7n,saumon,tm-es22d6su,animaux
tm-vjs7wjdf,saint Théodore,tm-wnsvi7uz,"apôtres, évangélistes, saints et saintes"
tm-vjtuzsev,lys,tm-dgunamb6,végétaux
tm-vjusn8qe,entrepôt,tm-dtfhjmhe,éléments d'architecture
tm-vkekjzsk,porte,tm-dtfhjmhe,éléments d'architecture
tm-vkjdren4,temple futur selon la vision d'Ézéchiel,tm-dferfdbu,Bible
tm-vkocgexq,serpillum,tm-dgunamb6,végétaux
tm-vktjpg8t,épidémie,tm-gtia7dmq,soins du corps et maladies
tm-vkvfk2ve,brochet,tm-es22d6su,animaux
tm-vkxz23az,crucifixion,tm-twr3g7gr,peines corporelles et chatiments
tm-vl6ccqxy,"sixième sceau de l'Apocalypse : tremblement de terre, chute des astres",tm-dferfdbu,Bible
tm-vmbszian,corne (recipients et contenants),tm-xhaodmx4,récipients et contenants
tm-vmxb3wbp,fonts baptismaux,tm-ukd2sjju,objets liturgiques et funéraires
tm-vn53vrox,saint Chrysogone,tm-wnsvi7uz,"apôtres, évangélistes, saints et saintes"
tm-vn67c2fg,Louis VII le Jeune,tm-chm6nfv2,personnages historiques litteraires et mythologiques
tm-vnmlrnsf,apparition de saint Michel à Josué,tm-dferfdbu,Bible
tm-vnpstjbd,alphabet,tm-u3gxy5k2,écrits
tm-vnqckggx,Christ sauvant saint Pierre de la noyade,tm-dferfdbu,Bible
tm-vnx3pnam,tentation d'Adam,tm-dferfdbu,Bible
tm-vo9c5qal,saint Philippe diacre,tm-wnsvi7uz,"apôtres, évangélistes, saints et saintes"
tm-vohy5qjw,berceau,tm-kdmavf4s,meubles
tm-vop9spfg,Elqana,tm-8dvxtncr,personnages de l'Ancien Testament
tm-vorheqiw,ail,tm-dgunamb6,végétaux
tm-vovh7qzr,Laodicée,tm-codyk7ew,lieux
tm-voyctzys,renoncule scélérate,tm-dgunamb6,végétaux
tm-vpcl8qwc,désobéissance,tm-mxk5b5af,vertus et vices (thèmes)
tm-vpqeamrv,saint Taurin baptisant les Ébroïciens,tm-yl47emxq,saints et saintes
tm-vpsapccr,Nabuchodonosor expédiant les trois Hébreux dans la fournaise,tm-dferfdbu,Bible
tm-vpwnbrnk,minotaure,tm-chm6nfv2,personnages historiques litteraires et mythologiques
tm-vqmbryaz,constellation-fleuve,tm-paifj62y,cosmos
tm-vqt6hmle,saint Jean l'aumonier,tm-wnsvi7uz,"apôtres, évangélistes, saints et saintes"
tm-vqw6xnb6,constellation-flèche,tm-paifj62y,cosmos
tm-vr3m4s9x,staphysaigre,tm-dgunamb6,végétaux
tm-vr6r7ms3,lamentations de Jérémie,tm-dferfdbu,Bible
tm-vrdnvn45,diable (Bible),tm-dferfdbu,Bible
tm-vrmrxarn,Joseph jeté en prison,tm-dferfdbu,Bible
tm-vrqivy4p,fuite de David,tm-dferfdbu,Bible
tm-vrtwr73d,Justinien II,tm-chm6nfv2,personnages historiques litteraires et mythologiques
tm-vsabpkkv,Janus,tm-chm6nfv2,personnages historiques litteraires et mythologiques
tm-vsnxbepc,viscères,tm-xz4pq72a,corps humain et animal
tm-vsqjbpbc,qualités,tm-nvexrnma,éléments naturels et intempéries
tm-vsvtbkw6,rencontre du Christ et de saint Jean-Baptiste,tm-dferfdbu,Bible
tm-vsymwwdn,Gamaliel,tm-chm6nfv2,personnages historiques litteraires et mythologiques
tm-vttwexn2,éventration,tm-twr3g7gr,peines corporelles et chatiments
tm-vtykax7l,Junon,tm-chm6nfv2,personnages historiques litteraires et mythologiques
tm-vu7dhukr,construction de l'arche de Noé,tm-dferfdbu,Bible
tm-vugxggcu,voleur,tm-kdmndh48,catégories sociales et peuples
tm-vuhgetnj,latrines,tm-dtfhjmhe,éléments d'architecture
tm-vujuvjet,Jéthro,tm-8dvxtncr,personnages de l'Ancien Testament
tm-vuwhumma,Joab tuant Abner,tm-dferfdbu,Bible
tm-vuwpvwpj,agression,tm-yknzerjb,conflit (thèmes)
tm-vuxh33n5,baron,tm-kdmndh48,catégories sociales et peuples
tm-vvazldfz,dialectique,tm-ceentecm,étude et savoir
tm-vvbeimqc,février,tm-k7prxdpw,temps
tm-vvclppel,Frédégonde,tm-chm6nfv2,personnages historiques litteraires et mythologiques
tm-vverukbu,Smyrne,tm-codyk7ew,lieux
tm-vvpa9phe,agriculture,tm-kgvsqwxd,activités rurales
tm-vvrjjjt7,ange et phylactère,tm-dferfdbu,Bible
tm-vvtizcut,acolyte,tm-gie9c6et,clercs et statuts religieux
tm-vvylefbu,borne,tm-8w59dqrj,instruments de mesure
tm-vwaje3q7,Charlemagne tenant un sceptre et un globe,tm-pqk44ebu,personnages
tm-vwjgwqsn,prudence,tm-mxk5b5af,vertus et vices (thèmes)
tm-vwo8vqty,coin,tm-9xdig6kt,outils et instruments divers
tm-vwtmvvfn,cheval,tm-es22d6su,animaux
tm-vwxd5clq,sainte Bathilde,tm-wnsvi7uz,"apôtres, évangélistes, saints et saintes"
tm-vx2bdgtc,sortie d'Égypte,tm-dferfdbu,Bible
tm-vxbr8fmp,marjolaine,tm-dgunamb6,végétaux
tm-vxnrqoew,scorpion,tm-es22d6su,animaux
tm-vxpdqtet,sucre,tm-b9hasrrk,aliments
tm-vxvxs242,dragons adossés,tm-4cuzvu8k,"homme, animal, nature"
tm-vxw8ybh7,prison,tm-dtfhjmhe,éléments d'architecture
tm-vy3f9cvt,câprier,tm-dgunamb6,végétaux
tm-vy8lqjat,Saül ordonnant le meurtre d'Ahimélek,tm-dferfdbu,Bible
tm-vyjwxmf5,Paris,tm-codyk7ew,lieux
tm-vyxzsnwm,griffon dressé,tm-4cuzvu8k,"homme, animal, nature"
tm-vyzfw54k,Charles IV Wenceslas,tm-chm6nfv2,personnages historiques litteraires et mythologiques
tm-vzjkfyss,sacrifice d'Élie,tm-dferfdbu,Bible
tm-w2ndcvpm,garde,tm-l4c6ncu5,relations entre personnage et objet
tm-w2oklzex,plaie d'Égypte : mort des premiers-nés,tm-dferfdbu,Bible
tm-w3jjakzm,animal terrestre androphage,tm-4cuzvu8k,"homme, animal, nature"
tm-w3mqvmwr,hermodacte,tm-dgunamb6,végétaux
tm-w3wzqpyr,destitution,tm-juhs4qki,pouvoir (thèmes)
tm-w4ewthpk,possédé,tm-clb8u2vx,état du corps et de l'être
tm-w5223eu7,saint Simon,tm-wnsvi7uz,"apôtres, évangélistes, saints et saintes"
tm-w5br4j3k,Arphaxad,tm-8dvxtncr,personnages de l'Ancien Testament
tm-w5kbvnrz,éclair,tm-nvexrnma,éléments naturels et intempéries
tm-w6ekmfzz,épreuve,tm-5ghnfhtz,relations entre personnages
tm-w6it69bd,Benoît de Sainte-Maure,tm-chm6nfv2,personnages historiques litteraires et mythologiques
tm-w6moterv,saint Étienne ordonné diacre,tm-yl47emxq,saints et saintes
tm-w6stikgw,sainte Famille revenant d'Égypte,tm-dferfdbu,Bible
tm-w6uoevcd,courtoisie,tm-ru4qcmye,sentiments et sexualite
tm-w6ybpck8,Vertu (personnifications et allégories),tm-6vzkr8da,personnifications et allégories
tm-w7lp2rnh,entrée,tm-hmgjebc8,déplacements
tm-w7yi2eto,scène de généalogie,tm-nh4p7ibg,arts et savoirs
tm-w7z8afpu,restitution,tm-akjcakin,"dons, échanges et mesures"
tm-w88ubdeo,"moisson (agriculture, artisanat et commerce, vie quotidienne, calendrier)",tm-t4ksxzbv,"agriculture, artisanat et commerce, vie quotidienne, calendrier"
tm-w8jno94l,saint Mercure,tm-wnsvi7uz,"apôtres, évangélistes, saints et saintes"
tm-w8ljgfym,Patmos,tm-codyk7ew,lieux
tm-w8rmlste,putto,tm-6vzkr8da,personnifications et allégories
tm-w9bhauve,scytalis,tm-es22d6su,animaux
tm-w9d4swum,foi,tm-mxk5b5af,vertus et vices (thèmes)
tm-w9daydft,rascasse,tm-es22d6su,animaux
tm-wa42chtx,Jérémie,tm-8dvxtncr,personnages de l'Ancien Testament
tm-wa93pxwm,béguine,tm-gie9c6et,clercs et statuts religieux
tm-wagdr3al,Aristote,tm-chm6nfv2,personnages historiques litteraires et mythologiques
tm-waq6byod,saint Thomas,tm-wnsvi7uz,"apôtres, évangélistes, saints et saintes"
tm-wb9f8ynf,métier à tisser,tm-9xdig6kt,outils et instruments divers
tm-wbd5bins,usurier,tm-kdmndh48,catégories sociales et peuples
tm-wbks3r3g,châtaigne,tm-dgunamb6,végétaux
tm-wbnaukkp,chute d'Ochozias,tm-dferfdbu,Bible
tm-wc9humlm,repas du Christ chez Lévi,tm-dferfdbu,Bible
tm-wcf6lcfq,lyciet,tm-dgunamb6,végétaux
tm-wcfk7zjj,Jourdain,tm-codyk7ew,lieux
tm-wcfnkn8g,Louis VI le Gros,tm-chm6nfv2,personnages historiques litteraires et mythologiques
tm-wcgzzk99,règle,tm-8w59dqrj,instruments de mesure
tm-wcpcxfuc,Noé,tm-8dvxtncr,personnages de l'Ancien Testament
tm-wctkua6s,aspersion,tm-qaccoaqf,sacrements et rituels
tm-wcxjetzh,greffe,tm-kgvsqwxd,activités rurales
tm-wdagk9cs,acrobate,tm-pqk44ebu,personnages
tm-wdkt6nhv,monnaie,tm-e37knvgu,insignes
tm-wdmuanrs,musicien,tm-pqk44ebu,personnages
tm-wdptvgn2,mort du riche,tm-dferfdbu,Bible
tm-wdtpnblw,teinture,tm-yvy9sjme,activités artisanales
tm-wdu6ytyb,personnage terrassé par un lion,tm-pqk44ebu,personnages
tm-wdxn3qrx,Salomon,tm-8dvxtncr,personnages de l'Ancien Testament
tm-we2dvra7,village,tm-dtfhjmhe,éléments d'architecture
tm-weccb8qj,Dadon,tm-chm6nfv2,personnages historiques litteraires et mythologiques
tm-weggrv9c,éale,tm-es22d6su,animaux
tm-wegsynt3,palma christi,tm-dgunamb6,végétaux
tm-wessg6gv,discussion,tm-952iiyye,parole (thèmes)
tm-wf7lxfha,acanthe,tm-dgunamb6,végétaux
tm-wfahufzf,Marsile,tm-chm6nfv2,personnages historiques litteraires et mythologiques
tm-wffnwtfs,herbe,tm-dgunamb6,végétaux
tm-wfr89bhj,septième trompette de l'Apocalypse : Arche d'Alliance dans le Temple,tm-dferfdbu,Bible
tm-wfrvgbha,sainte Marie Cléophas,tm-wnsvi7uz,"apôtres, évangélistes, saints et saintes"
tm-wfwtqrhn,pimprenelle,tm-dgunamb6,végétaux
tm-wfx5c8q6,chanvre,tm-dgunamb6,végétaux
tm-wfzcjcqf,Sodome,tm-codyk7ew,lieux
tm-wg7bugmb,Terre Sainte,tm-codyk7ew,lieux
tm-wgbwe8pb,Jean de Chanteloup,tm-chm6nfv2,personnages historiques litteraires et mythologiques
tm-wgmkj2i2,Gilles de Rome,tm-chm6nfv2,personnages historiques litteraires et mythologiques
tm-wgny7rdt,chélidoine,tm-dgunamb6,végétaux
tm-whobpcst,circoncision,tm-qaccoaqf,sacrements et rituels
tm-wjeqrrjk,Jean II Comnène,tm-chm6nfv2,personnages historiques litteraires et mythologiques
tm-wjjrzlxh,scène de musique,tm-nh4p7ibg,arts et savoirs
tm-wjlzmegu,combat entre saint Michel et le dragon de l'Apocalypse,tm-dferfdbu,Bible
tm-wjnyar6u,main de justice,tm-e37knvgu,insignes
tm-wjnyryes,Louis III l'Aveugle,tm-chm6nfv2,personnages historiques litteraires et mythologiques
tm-wjqslzb9,mircomoron,tm-es22d6su,animaux
tm-wjsh26p4,impôt,tm-akjcakin,"dons, échanges et mesures"
tm-wjtg95mb,Antilogus,tm-chm6nfv2,personnages historiques litteraires et mythologiques
tm-wkexwfcz,dais,tm-kdmavf4s,meubles
tm-wki7vg7g,dragon de l'Apocalypse,tm-es22d6su,animaux
tm-wkmq84rm,petit-houx,tm-dgunamb6,végétaux
tm-wktqwi7w,Josué,tm-8dvxtncr,personnages de l'Ancien Testament
tm-wkxxs6fc,champignon,tm-dgunamb6,végétaux
tm-wl56e2kt,sciage,tm-kgvsqwxd,activités rurales
tm-wljqqdtm,saint Basile,tm-wnsvi7uz,"apôtres, évangélistes, saints et saintes"
tm-wlylblsb,envie,tm-mxk5b5af,vertus et vices (thèmes)
tm-wm29lpvh,lumière-rayon,tm-nvexrnma,éléments naturels et intempéries
tm-wm3sc2ky,Titus,tm-chm6nfv2,personnages historiques litteraires et mythologiques
tm-wmpbm4zu,sainte Julitte,tm-wnsvi7uz,"apôtres, évangélistes, saints et saintes"
tm-wmppc39h,Justinien Ier,tm-chm6nfv2,personnages historiques litteraires et mythologiques
tm-wmwcnbmj,Pitié,tm-6vzkr8da,personnifications et allégories
tm-wmwgc5ay,Prudence (personnifications et allégories),tm-6vzkr8da,personnifications et allégories
tm-wn5aevpb,ourse,tm-es22d6su,animaux
tm-wn7xh6hg,lavement des pieds,tm-qaccoaqf,sacrements et rituels
tm-wndshtcr,Seth,tm-8dvxtncr,personnages de l'Ancien Testament
tm-wnen4bsa,panais,tm-dgunamb6,végétaux
tm-wnepck6x,outre,tm-xhaodmx4,récipients et contenants
tm-wnfugtom,chantre,tm-gie9c6et,clercs et statuts religieux
tm-wnrf83rz,apparition du Christ à sainte Madeleine,tm-dferfdbu,Bible
tm-wns4pba7,Christ en gloire entouré de lions,tm-dferfdbu,Bible
tm-wnzmfyr4,retour de Marsile à Saragosse,tm-khljsbs5,"scènes historiques, littéraires et mythologiques"
tm-woccvqd8,cuisson,tm-rqhbyapw,alimentation
tm-wp7zsokl,parabole du filet,tm-dferfdbu,Bible
tm-wpanbahz,noix siarce,tm-dgunamb6,végétaux
tm-wpdwfyie,viol,tm-ru4qcmye,sentiments et sexualite
tm-wpfzbwwb,Sophonie,tm-8dvxtncr,personnages de l'Ancien Testament
tm-wpindgtf,panier,tm-xhaodmx4,récipients et contenants
tm-wpymmtee,métamorphose,tm-h4mihrdw,divin et surnaturel
tm-wqcb5kxt,oiseau picorant,tm-4cuzvu8k,"homme, animal, nature"
tm-wqg2nktt,ange,tm-aww2uwsc,personnages divins ou surnaturels
tm-wqjwudbu,raie,tm-es22d6su,animaux
tm-wqphufvj,œuf,tm-voqsjov6,substances naturelles
tm-wqqsqx9h,Jocaste,tm-chm6nfv2,personnages historiques litteraires et mythologiques
tm-wr3mxpqf,David pleurant la mort d'Absalom,tm-dferfdbu,Bible
tm-wrimjwpy,malédiction de Cham,tm-dferfdbu,Bible
tm-wrkqko2s,Sarra,tm-ka9s5rfg,personnages du Nouveau Testament
tm-wromqab9,saint Avit de Clermont,tm-wnsvi7uz,"apôtres, évangélistes, saints et saintes"
tm-wrvytgyc,Jean Buridan,tm-chm6nfv2,personnages historiques litteraires et mythologiques
tm-wrwtt4vm,Saint-Jean d'Acre,tm-codyk7ew,lieux
tm-wsyxarik,métallurgie,tm-yvy9sjme,activités artisanales
tm-wsyyf9tx,constellation-orion,tm-paifj62y,cosmos
tm-wtnt2nl3,salut,tm-h4mihrdw,divin et surnaturel
tm-wts5qndd,zodiaque-gémeaux,tm-paifj62y,cosmos
tm-wtsjtqqv,muselière,tm-uyvtjqdl,objets liés à l'animal
tm-wtutgyxg,bras,tm-xz4pq72a,corps humain et animal
tm-wubdkh7k,saint Étienne en extase,tm-yl47emxq,saints et saintes
tm-wuhacqsy,ivette,tm-dgunamb6,végétaux
tm-wuq737iz,vent,tm-nvexrnma,éléments naturels et intempéries
tm-wuzzflaw,chariot,tm-qhsmnjeu,moyens de transport
tm-wv45hetx,maillet,tm-9xdig6kt,outils et instruments divers
tm-wv9p6sbm,roi de Galilée,tm-kdmndh48,catégories sociales et peuples
tm-wvapho8x,dragon couché,tm-4cuzvu8k,"homme, animal, nature"
tm-wvc3gbp6,seau,tm-xhaodmx4,récipients et contenants
tm-wvdjuyrx,dindon,tm-es22d6su,animaux
tm-wvdvqdyk,ver,tm-es22d6su,animaux
tm-wvhtctpw,storax,tm-dgunamb6,végétaux
tm-wvlk3hhm,saint Savin et saint Cyprien comparaissant de nouveau devant Ladicius,tm-yl47emxq,saints et saintes
tm-wvmd3gep,musicien et danseuse,tm-pqk44ebu,personnages
tm-wvr34e6a,aveuglement,tm-twr3g7gr,peines corporelles et chatiments
tm-wvu8ryud,jumeau,tm-clb8u2vx,état du corps et de l'être
tm-wvv4u9sw,Tobie rendant la vue à son père,tm-dferfdbu,Bible
tm-wvx8l4pj,saint Ambroise de Milan,tm-wnsvi7uz,"apôtres, évangélistes, saints et saintes"
tm-wvzfsjj6,Ruth,tm-8dvxtncr,personnages de l'Ancien Testament
tm-ww9woddm,sphère céleste,tm-paifj62y,cosmos
tm-wwbsqs3m,troisième cavalier de l'Apocalypse,tm-dferfdbu,Bible
tm-wwcdeham,Philistins plaçant l'Arche d'Alliance dans leur temple,tm-dferfdbu,Bible
tm-wwddczu3,Pierre Abélard,tm-chm6nfv2,personnages historiques litteraires et mythologiques
tm-wwtkivks,repos,tm-sjsrgabv,vie corporelle
tm-wwubqzl2,basilic (animal),tm-es22d6su,animaux
tm-wxv5ff3f,gouverneur,tm-kdmndh48,catégories sociales et peuples
tm-wxz9aaxg,vice (sujet),tm-qhhmbog9,vertus et vices (sujets)
tm-wyc88qnt,Samson capturé par les Philistins,tm-dferfdbu,Bible
tm-wyrjsgnx,rideau,tm-boubjbok,"tissus, parures et accessoires"
tm-wyxgfajm,Charles II le Chauve,tm-chm6nfv2,personnages historiques litteraires et mythologiques
tm-wz8bfmtv,radis noir,tm-dgunamb6,végétaux
tm-wzd3pgiz,Daniel interprétant le songe de Nabuchodonosor,tm-dferfdbu,Bible
tm-wzfdbf4b,ecartèlement,tm-twr3g7gr,peines corporelles et chatiments
tm-wzkkmlsw,jars,tm-es22d6su,animaux
tm-wzp38snl,guérison,tm-gtia7dmq,soins du corps et maladies
tm-wztfpmw4,saint Brice,tm-wnsvi7uz,"apôtres, évangélistes, saints et saintes"
tm-wztwaszc,mélilot,tm-dgunamb6,végétaux
tm-x29c8b9f,dauphin,tm-es22d6su,animaux
tm-x2eh2pmf,saint Vincent mort jeté à la mer,tm-yl47emxq,saints et saintes
tm-x46tnh2n,Constantin V,tm-chm6nfv2,personnages historiques litteraires et mythologiques
tm-x4fbqicm,chœur des anges,tm-dferfdbu,Bible
tm-x5ocrzpc,naissance de saint Jean-Baptiste,tm-dferfdbu,Bible
tm-x6or9grg,antimoine,tm-voqsjov6,substances naturelles
tm-x6sbfrf4,sainte Radegonde priant devant un autel,tm-yl47emxq,saints et saintes
tm-x75xp9np,amazone,tm-chm6nfv2,personnages historiques litteraires et mythologiques
tm-x7aeacnd,Galba,tm-chm6nfv2,personnages historiques litteraires et mythologiques
tm-x7ksezxx,chartreux,tm-gie9c6et,clercs et statuts religieux
tm-x7vsyub2,Samuel,tm-8dvxtncr,personnages de l'Ancien Testament
tm-x82tmlfa,garde (personnage),tm-kdmndh48,catégories sociales et peuples
tm-x894k67n,prophétie d'Amos : ville en flammes,tm-dferfdbu,Bible
tm-x8l9kwvw,saint Grégoire de Naziance,tm-wnsvi7uz,"apôtres, évangélistes, saints et saintes"
tm-x8pfytp9,orchis,tm-dgunamb6,végétaux
tm-x9fbmygd,Égyptien,tm-kdmndh48,catégories sociales et peuples
tm-x9lzfhce,bassinoire,tm-xhaodmx4,récipients et contenants
tm-x9q4dcsp,Aréobindus,tm-chm6nfv2,personnages historiques litteraires et mythologiques
tm-xa8xwgre,Claude II le Gothique,tm-chm6nfv2,personnages historiques litteraires et mythologiques
tm-xabsnqrj,mort d'Adam,tm-dferfdbu,Bible
tm-xajfmwbe,sainte Marthe,tm-wnsvi7uz,"apôtres, évangélistes, saints et saintes"
tm-xatrduag,scène de repas,tm-t4ksxzbv,"agriculture, artisanat et commerce, vie quotidienne, calendrier"
tm-xazqzsnz,espérance,tm-mxk5b5af,vertus et vices (thèmes)
tm-xbkknlg6,comte,tm-kdmndh48,catégories sociales et peuples
tm-xbza6vtn,diacre,tm-gie9c6et,clercs et statuts religieux
tm-xca9flak,sainte Justine d'Antioche,tm-wnsvi7uz,"apôtres, évangélistes, saints et saintes"
tm-xcbxjwst,suie,tm-voqsjov6,substances naturelles
tm-xcdfu4va,Constantinople,tm-codyk7ew,lieux
tm-xcfklbqt,impie,tm-gie9c6et,clercs et statuts religieux
tm-xciyznyd,scille,tm-dgunamb6,végétaux
tm-xcpghgfi,Christ écrivant sur le sol devant la femme adultère,tm-dferfdbu,Bible
tm-xcpsgudr,Icare,tm-chm6nfv2,personnages historiques litteraires et mythologiques
tm-xcpwpyng,mars,tm-k7prxdpw,temps
tm-xdexmatp,soin des animaux,tm-kgvsqwxd,activités rurales
tm-xdvpbtpu,sardine,tm-es22d6su,animaux
tm-xdvzjck6,grande camomille,tm-dgunamb6,végétaux
tm-xe3aznwj,juste,tm-gie9c6et,clercs et statuts religieux
tm-xealmd2j,prophète,tm-8dvxtncr,personnages de l'Ancien Testament
tm-xebscltg,transfiguration,tm-h4mihrdw,divin et surnaturel
tm-xee5lsy8,Élie,tm-8dvxtncr,personnages de l'Ancien Testament
tm-xehvkpyg,mante religieuse,tm-es22d6su,animaux
tm-xep5gd5j,Boèce,tm-chm6nfv2,personnages historiques litteraires et mythologiques
tm-xff2hvde,Antioche,tm-codyk7ew,lieux
tm-xfkzzcmf,sainte Fortunade,tm-wnsvi7uz,"apôtres, évangélistes, saints et saintes"
tm-xfldlnbe,planète Mars,tm-paifj62y,cosmos
tm-xfrkgdxw,majesté,tm-juhs4qki,pouvoir (thèmes)
tm-xfwj2jpu,animal terrestre buvant dans une coupe,tm-4cuzvu8k,"homme, animal, nature"
tm-xfyewvg6,bain du Christ enfant,tm-dferfdbu,Bible
tm-xfyql7xg,pinceau,tm-9xdig6kt,outils et instruments divers
tm-xg9uauug,parchemin,tm-u3gxy5k2,écrits
tm-xgcrlud8,griffon,tm-es22d6su,animaux
tm-xgcwzeff,Christ guérissant un sourd,tm-dferfdbu,Bible
tm-xgev5kvu,rencontre sur le chemin d'Emmaüs,tm-dferfdbu,Bible
tm-xgk9rmff,impératrice,tm-kdmndh48,catégories sociales et peuples
tm-xgmks6va,saint Jean écrivant à l'église de Sardes,tm-dferfdbu,Bible
tm-xgvygpw5,descente du Christ aux limbes,tm-dferfdbu,Bible
tm-xhcfwphs,porteur,tm-pqk44ebu,personnages
tm-xhfqladu,Thétis,tm-chm6nfv2,personnages historiques litteraires et mythologiques
tm-xhfrmbr3,ase puante,tm-dgunamb6,végétaux
tm-xhhgck3s,vision d'Ézéchiel : char aux roues de feu,tm-dferfdbu,Bible
tm-xhiwdlua,Carthage,tm-codyk7ew,lieux
tm-xhk2igh5,Salomon dictant des sentences,tm-dferfdbu,Bible
tm-xhnvflja,Mahalaléel,tm-8dvxtncr,personnages de l'Ancien Testament
tm-xhwzu6jw,baiser,tm-ru4qcmye,sentiments et sexualite
tm-xi3k2i2j,fronde,tm-smvsgy3q,armes
tm-xicqwkhr,cobra,tm-es22d6su,animaux
tm-xispmbuy,toilette,tm-gtia7dmq,soins du corps et maladies
tm-xj57wica,frères de Joseph accusés de vol,tm-dferfdbu,Bible
tm-xj9zsmxn,mages devant l'étoile annonçant la naissance du Christ,tm-dferfdbu,Bible
tm-xjbac9ue,vautour,tm-es22d6su,animaux
tm-xjbdu95b,"zodiaque-bélier (homme, animal, nature)",tm-4cuzvu8k,"homme, animal, nature"
tm-xjm5lxvc,cachalot,tm-es22d6su,animaux
tm-xkkm6swj,autruche,tm-es22d6su,animaux
tm-xkznrqz2,Pharaon restituant Sara à Abraham,tm-dferfdbu,Bible
tm-xkzpoeqb,ange sonnant la première trompette de l'Apocalypse,tm-dferfdbu,Bible
tm-xl6a9bp8,Charles de Valois,tm-chm6nfv2,personnages historiques litteraires et mythologiques
tm-xldthyts,saint Abraham,tm-wnsvi7uz,"apôtres, évangélistes, saints et saintes"
tm-xllnqndb,myrtille,tm-dgunamb6,végétaux
tm-xm7dsxkz,siamois,tm-es22d6su,animaux
tm-xmucafnx,Béthanie,tm-codyk7ew,lieux
tm-xmxfvh27,pierre précieuse,tm-voqsjov6,substances naturelles
tm-xmz3snk2,prêtre,tm-gie9c6et,clercs et statuts religieux
tm-xnc9shij,cage,tm-uyvtjqdl,objets liés à l'animal
tm-xniekuel,colline,tm-rjrpwa7c,éléments du paysage
tm-xntdhcvq,menthe,tm-dgunamb6,végétaux
tm-xnypubhw,serpolet,tm-dgunamb6,végétaux
tm-xnzx8ts2,Euphrate,tm-codyk7ew,lieux
tm-xodvv4cc,apparition d'un ange à saint Jean,tm-dferfdbu,Bible
tm-xp8bg6f5,chute,tm-hmgjebc8,déplacements
tm-xpmnkdj9,Fortune,tm-6vzkr8da,personnifications et allégories
tm-xprm3e7p,Thyeste,tm-chm6nfv2,personnages historiques litteraires et mythologiques
tm-xprnc763,roi des Burgondes,tm-kdmndh48,catégories sociales et peuples
tm-xpyk7o6q,girouette,tm-8w59dqrj,instruments de mesure
tm-xpzwfpjf,malédiction de Caïn,tm-dferfdbu,Bible
tm-xqasnzip,épervier,tm-es22d6su,animaux
tm-xqcauhup,sacrifice de saint Joachim,tm-dferfdbu,Bible
tm-xqnmrnvb,cortège,tm-hmgjebc8,déplacements
tm-xqnsjtyc,évangéliste debout,tm-pqk44ebu,personnages
tm-xqrthxrm,soleil (sphère céleste),tm-paifj62y,cosmos
tm-xqtyafkj,plaie d'Égypte : les ténèbres,tm-dferfdbu,Bible
tm-xqwjdlut,Yabal,tm-8dvxtncr,personnages de l'Ancien Testament
tm-xr5f2hqf,scène de géographie,tm-nh4p7ibg,arts et savoirs
tm-xr7bqbmb,Nimius,tm-chm6nfv2,personnages historiques litteraires et mythologiques
tm-xrqk4cno,sein,tm-xz4pq72a,corps humain et animal
tm-xsexmezs,pré,tm-rjrpwa7c,éléments du paysage
tm-xsg4v2jo,cible,tm-cbnhsoso,jeux
tm-xsgcgwqn,saint Marcel pape,tm-wnsvi7uz,"apôtres, évangélistes, saints et saintes"
tm-xsgv6af2,sainte Radegonde délivrant du démon la femme d'un charpentier,tm-yl47emxq,saints et saintes
tm-xspqyn7y,Pyrrhus,tm-chm6nfv2,personnages historiques litteraires et mythologiques
tm-xsvvy769,géranium,tm-dgunamb6,végétaux
tm-xt3ktx7k,oiseau picorant une tête animale,tm-4cuzvu8k,"homme, animal, nature"
tm-xt984qhd,Avarice (personnifications et allégories),tm-6vzkr8da,personnifications et allégories
tm-xt9rlxzw,Joseph dévoilant son identité à ses frères,tm-dferfdbu,Bible
tm-xtamfp4z,zoocéphale,tm-xd3qz4bt,personnages fantastiques et monstres
tm-xtaznvxd,Satan libéré pour mille ans,tm-dferfdbu,Bible
tm-xtb7l2oc,Orphée,tm-chm6nfv2,personnages historiques litteraires et mythologiques
tm-xtdk7p5p,marbre,tm-voqsjov6,substances naturelles
tm-xtjrjxq2,sainte Radegonde ressuscitant l'enfant d'Anderedus,tm-yl47emxq,saints et saintes
tm-xtkgvidf,Josias,tm-8dvxtncr,personnages de l'Ancien Testament
tm-xtnrrzge,sureau,tm-dgunamb6,végétaux
tm-xtsuqzug,Peninna,tm-8dvxtncr,personnages de l'Ancien Testament
tm-xubvjemg,Joas,tm-8dvxtncr,personnages de l'Ancien Testament
tm-xujlktys,battage du blé au fléau,tm-t4ksxzbv,"agriculture, artisanat et commerce, vie quotidienne, calendrier"
tm-xv4pyean,Phaéton,tm-chm6nfv2,personnages historiques litteraires et mythologiques
tm-xvbrnxpd,pavot blanc,tm-dgunamb6,végétaux
tm-xvgfyfzj,duc,tm-kdmndh48,catégories sociales et peuples
tm-xvme7j5p,verger,tm-rjrpwa7c,éléments du paysage
tm-xvnxqghc,grotte,tm-rjrpwa7c,éléments du paysage
tm-xvubkvu2,linotte,tm-es22d6su,animaux
tm-xwdatrzl,Melpomène,tm-chm6nfv2,personnages historiques litteraires et mythologiques
tm-xwha3aam,Elvimérodak profanant le cadavre de Nabuchodosor,tm-dferfdbu,Bible
tm-xwistcfp,Achab,tm-8dvxtncr,personnages de l'Ancien Testament
tm-xwykaaib,cognassier,tm-dgunamb6,végétaux
tm-xx8qg2gg,calament,tm-dgunamb6,végétaux
tm-xx97ykdy,danse de Salomé devant Hérode Antipas,tm-dferfdbu,Bible
tm-xx9rtbsx,annonciation à la Vierge,tm-dferfdbu,Bible
tm-xxa58nco,Moïse protégé de la lapidation,tm-dferfdbu,Bible
tm-xxemalym,Clovis Ier,tm-chm6nfv2,personnages historiques litteraires et mythologiques
tm-xxeq2gxp,neige,tm-nvexrnma,éléments naturels et intempéries
tm-xxjk2n3h,novembre,tm-k7prxdpw,temps
tm-xxmpm49n,iris fétide,tm-dgunamb6,végétaux
tm-xxtjmc65,Méditerranée,tm-codyk7ew,lieux
tm-xxwblbry,Cerbère,tm-chm6nfv2,personnages historiques litteraires et mythologiques
tm-xy4yzvhp,cilice,tm-boubjbok,"tissus, parures et accessoires"
tm-xyfqrti8,circoncision de Yizréel,tm-dferfdbu,Bible
tm-xyiayhmp,cristal,tm-voqsjov6,substances naturelles
tm-xylpevsj,Pharaon chargeant Joseph de gouverner son royaume,tm-dferfdbu,Bible
tm-xylzj2au,cavalier couronné tenant un objet,tm-pqk44ebu,personnages
tm-xymlveyj,peste,tm-gtia7dmq,soins du corps et maladies
tm-xyv8x8er,commerce,tm-akjcakin,"dons, échanges et mesures"
tm-xyxlh5df,hospitalier,tm-gie9c6et,clercs et statuts religieux
tm-xyzfqqxp,feuille,tm-dgunamb6,végétaux
tm-xz6mkebq,poisson-volant,tm-es22d6su,animaux
tm-xzcsvmuj,chardon,tm-dgunamb6,végétaux
tm-xzd4ypmd,solstice,tm-paifj62y,cosmos
tm-xzlmqjde,Envie (personnifications et allégories),tm-6vzkr8da,personnifications et allégories
tm-xzqpc8fy,lavande aspic,tm-dgunamb6,végétaux
tm-xzshysra,constellation-grande ourse,tm-paifj62y,cosmos
tm-xzuvhzat,masque,tm-njgn49nx,images
tm-xzwrkcep,crosse,tm-ukd2sjju,objets liturgiques et funéraires
tm-y2qvz6c4,Moïse s'adressant aux Hébreux,tm-dferfdbu,Bible
tm-y2tqyvpm,renoncule rampante,tm-dgunamb6,végétaux
tm-y3dalems,mâchoire,tm-xz4pq72a,corps humain et animal
tm-y3hlflja,Néoptolème,tm-chm6nfv2,personnages historiques litteraires et mythologiques
tm-y3rdu5xi,châtiment de l'orgueil,tm-qhhmbog9,vertus et vices (sujets)
tm-y48hqvsm,calame,tm-u3gxy5k2,écrits
tm-y4cwazmv,alose,tm-es22d6su,animaux
tm-y59iwacz,carquois,tm-smvsgy3q,armes
tm-y5cec9x9,Rhéa,tm-chm6nfv2,personnages historiques litteraires et mythologiques
tm-y5mewbkd,sainte Cécile,tm-wnsvi7uz,"apôtres, évangélistes, saints et saintes"
tm-y6dzy63x,ruse,tm-5ghnfhtz,relations entre personnages
tm-y6vkwwb8,noces de la Vierge,tm-dferfdbu,Bible
tm-y6xtjehj,saint Hilarion,tm-wnsvi7uz,"apôtres, évangélistes, saints et saintes"
tm-y6zehcm4,sculpture,tm-yvy9sjme,activités artisanales
tm-y74e7hxm,Diomède,tm-chm6nfv2,personnages historiques litteraires et mythologiques
tm-y7h8fjjt,tête fantastique avalant une colonne,tm-pqk44ebu,personnages
tm-y84cbbrj,sexe,tm-xz4pq72a,corps humain et animal
tm-y8gvsnvj,dragon et personnage,tm-4cuzvu8k,"homme, animal, nature"
tm-y8u8lyae,lierre grimpant,tm-dgunamb6,végétaux
tm-ya8hi8ku,pluie de manne,tm-dferfdbu,Bible
tm-yacc4nuc,Christ guérissant une infirme,tm-dferfdbu,Bible
tm-yacrfpkz,Mélibée,tm-chm6nfv2,personnages historiques litteraires et mythologiques
tm-yagbxulz,flagellation d'Achior,tm-dferfdbu,Bible
tm-yakmfhrn,Bella,tm-chm6nfv2,personnages historiques litteraires et mythologiques
tm-yau36tp6,victoire de Jonathan Maccabée sur Démetrius,tm-dferfdbu,Bible
tm-yazeeos4,palais,tm-dtfhjmhe,éléments d'architecture
tm-yb6jsrmu,Otton Ier le Grand,tm-chm6nfv2,personnages historiques litteraires et mythologiques
tm-ybds8u4h,saint Aventin,tm-wnsvi7uz,"apôtres, évangélistes, saints et saintes"
tm-yblhqnx2,Dalila,tm-8dvxtncr,personnages de l'Ancien Testament
tm-ybp4xffg,constellation-cygne,tm-paifj62y,cosmos
tm-ybpjembu,Lothaire II,tm-chm6nfv2,personnages historiques litteraires et mythologiques
tm-ybrtr73e,combat de Saül et des Ammonites,tm-dferfdbu,Bible
tm-yc5y68c6,basilic (végétaux),tm-dgunamb6,végétaux
tm-ycammvkn,Childebert II,tm-chm6nfv2,personnages historiques litteraires et mythologiques
tm-ycgpxo5j,crécelle,tm-adjk7xgi,instruments de musique
tm-ycho32gt,jalousie (végétaux),tm-dgunamb6,végétaux
tm-yd6x55wh,centurion,tm-ka9s5rfg,personnages du Nouveau Testament
tm-yd9gfuca,selle,tm-uyvtjqdl,objets liés à l'animal
tm-ydcbv7en,herbe palée,tm-dgunamb6,végétaux
tm-yde2gyx7,Dieu énonçant les dix commandements,tm-dferfdbu,Bible
tm-yejcy88r,sein des trois patriarches (sujet),tm-dferfdbu,Bible
tm-yek6kmoa,sanglier,tm-es22d6su,animaux
tm-yepcmg4k,Siméon,tm-ka9s5rfg,personnages du Nouveau Testament
tm-yeqsgfda,montagne,tm-rjrpwa7c,éléments du paysage
tm-yetipygx,saint Taurin,tm-wnsvi7uz,"apôtres, évangélistes, saints et saintes"
tm-yeuefrpq,Hannibal,tm-chm6nfv2,personnages historiques litteraires et mythologiques
tm-yevkytbq,sébeste,tm-dgunamb6,végétaux
tm-yeybruan,terre sigillée,tm-voqsjov6,substances naturelles
tm-yfflnkap,Lucifer (Bible),tm-dferfdbu,Bible
tm-yfwdmjao,Platon,tm-chm6nfv2,personnages historiques litteraires et mythologiques
tm-yfwsnydb,Habaquc,tm-8dvxtncr,personnages de l'Ancien Testament
tm-yfyqtceu,constellation-petit cheval,tm-paifj62y,cosmos
tm-yfyxespc,Apollon,tm-chm6nfv2,personnages historiques litteraires et mythologiques
tm-yg72re9g,agneau divin,tm-aww2uwsc,personnages divins ou surnaturels
tm-ygd3ksmu,ouverture,tm-l4c6ncu5,relations entre personnage et objet
tm-ygrelcdw,psaume 53 : fou devant Dieu,tm-pqk44ebu,personnages
tm-yhbw5muq,Benvenuto d'Imola,tm-chm6nfv2,personnages historiques litteraires et mythologiques
tm-yhc4uwmh,Jonas couché sous un arbre,tm-dferfdbu,Bible
tm-yhcd49fx,duc de Normandie,tm-kdmndh48,catégories sociales et peuples
tm-yhd7dkmq,justice,tm-mxk5b5af,vertus et vices (thèmes)
tm-yhqlqb9x,châtiment de la colère,tm-qhhmbog9,vertus et vices (sujets)
tm-yhu8anuj,muse,tm-chm6nfv2,personnages historiques litteraires et mythologiques
tm-yi9vsnfo,jeune,tm-clb8u2vx,état du corps et de l'être
tm-yicvtn2f,Élisée multipliant l'huile de la veuve,tm-dferfdbu,Bible
tm-yilk7gdn,Esdras,tm-8dvxtncr,personnages de l'Ancien Testament
tm-yjcvnnjh,échelle,tm-9xdig6kt,outils et instruments divers
tm-yjeaz8yy,saint Donat,tm-wnsvi7uz,"apôtres, évangélistes, saints et saintes"
tm-yjf7njol,Abishag soignant David,tm-dferfdbu,Bible
tm-yjieuxab,arche de Noé,tm-qhsmnjeu,moyens de transport
tm-yjmkurkn,annonce aux bergers,tm-dferfdbu,Bible
tm-yjrbb4et,constellation-pléiades,tm-paifj62y,cosmos
tm-yjtdnvmc,saint Savin et saint Cyprien conduits vers Maximus,tm-yl47emxq,saints et saintes
tm-yjyxgfbr,Élie nourri par des corbeaux,tm-dferfdbu,Bible
tm-ykb3dnjj,homme coupant du pain,tm-t4ksxzbv,"agriculture, artisanat et commerce, vie quotidienne, calendrier"
tm-ykbjsmh2,personnage accroupi,tm-pqk44ebu,personnages
tm-ykudrjyg,camomille puante,tm-dgunamb6,végétaux
tm-ykx75nhk,Aggée et la reconstruction du temple,tm-dferfdbu,Bible
tm-ymenrpoz,jugement,tm-qmpqymzm,justice (thèmes)
tm-ymjmfips,Priam,tm-chm6nfv2,personnages historiques litteraires et mythologiques
tm-ymmm5twu,Vierge en prière dans le temple,tm-dferfdbu,Bible
tm-ymsojy8e,rapace,tm-es22d6su,animaux
tm-yn2wg7iw,sainte Radegonde guérissant l'aveugle Bella,tm-yl47emxq,saints et saintes
tm-yndwa2qe,tête fantastique androphage,tm-pqk44ebu,personnages
tm-ynekcucv,Christ guérissant un hydropique,tm-dferfdbu,Bible
tm-yngjhc4z,David ordonnant le recensement des Israélites,tm-dferfdbu,Bible
tm-ynrbfvnn,estrade,tm-dtfhjmhe,éléments d'architecture
tm-ynsewirl,fléau d'arme,tm-smvsgy3q,armes
tm-ynxtuelt,punaise,tm-es22d6su,animaux
tm-yopfhpev,famine,tm-rqhbyapw,alimentation
tm-yp7umyrf,âne,tm-es22d6su,animaux
tm-ypq8dvmf,homosexualité,tm-ru4qcmye,sentiments et sexualite
tm-yptsudib,pèlerin,tm-gie9c6et,clercs et statuts religieux
tm-ypvxf7bx,descente de la Jérusalem céleste,tm-dferfdbu,Bible
tm-yq7yz6wx,aspic,tm-es22d6su,animaux
tm-yqvi3epi,grue,tm-es22d6su,animaux
tm-yragu5cq,châtiment de la luxure,tm-qhhmbog9,vertus et vices (sujets)
tm-yrhnunaq,Styx,tm-codyk7ew,lieux
tm-yrjh57ux,saint Urbain Ier,tm-wnsvi7uz,"apôtres, évangélistes, saints et saintes"
tm-yrkdujps,saint Moïse,tm-wnsvi7uz,"apôtres, évangélistes, saints et saintes"
tm-yrmytzes,Lot enivré par ses filles,tm-dferfdbu,Bible
tm-ys34yzrj,descente de croix du Christ,tm-dferfdbu,Bible
tm-ysgydnir,Avicenne,tm-chm6nfv2,personnages historiques litteraires et mythologiques
tm-ysvkgk9u,Hébreux adorant le veau d'or de Jéroboam,tm-dferfdbu,Bible
tm-ytecogrk,Neptune,tm-chm6nfv2,personnages historiques litteraires et mythologiques
tm-ytja4cj9,fou (personnages),tm-pqk44ebu,personnages
tm-ytphytj3,sept coupes de l'Apocalypse : fléaux,tm-dferfdbu,Bible
tm-ytpp27zm,myrte,tm-dgunamb6,végétaux
tm-ytrlglr2,esturgeon,tm-es22d6su,animaux
tm-yu4garga,justice (sujet),tm-lxfddykj,"pouvoir, justice, conflit"
tm-yubremsw,oiseaux dévorant les impies,tm-dferfdbu,Bible
tm-yulppsbp,animal fantastique se mordant la queue,tm-4cuzvu8k,"homme, animal, nature"
tm-yv65dykx,saint Vincent comparaissant devant Dacien,tm-yl47emxq,saints et saintes
tm-yv7rbmrq,agneau divin entouré d'anges,tm-dferfdbu,Bible
tm-yvakcef7,Jérusalem,tm-codyk7ew,lieux
tm-yvbeeq99,cuillère,tm-hnxe45cj,objets domestiques
tm-yvcpkpat,orgue,tm-adjk7xgi,instruments de musique
tm-yvibsb3p,paon,tm-es22d6su,animaux
tm-yvjxznxf,parabole des vierges sages et des vierges folles,tm-dferfdbu,Bible
tm-yvkskj8d,orge,tm-dgunamb6,végétaux
tm-yvs3ysp5,Childéric III,tm-chm6nfv2,personnages historiques litteraires et mythologiques
tm-ywk6vwj5,saint Savin,tm-wnsvi7uz,"apôtres, évangélistes, saints et saintes"
tm-ywslclwf,chevauchée,tm-hmgjebc8,déplacements
tm-ywv7tnyl,Lothaire,tm-chm6nfv2,personnages historiques litteraires et mythologiques
tm-ywvpfhs2,pollicaire,tm-dgunamb6,végétaux
tm-yxcewane,Ézéchiel dévorant le rouleau donné par dieu,tm-dferfdbu,Bible
tm-yxdekjlx,scène de logique,tm-nh4p7ibg,arts et savoirs
tm-yxopssak,saint Vincent mort tiré de la prison,tm-yl47emxq,saints et saintes
tm-yxvxtvwo,Dieu entre les sept candélabres,tm-dferfdbu,Bible
tm-yyfjcxr9,Moïse organisant le recensement des Hébreux,tm-dferfdbu,Bible
tm-yz4awjp4,épi,tm-dgunamb6,végétaux
tm-yz8sa657,Achéron,tm-chm6nfv2,personnages historiques litteraires et mythologiques
tm-yz9y485e,Léviathan,tm-dferfdbu,Bible
tm-yzbwpdts,Maximus,tm-chm6nfv2,personnages historiques litteraires et mythologiques
tm-yzwdrmln,constellation-couronne,tm-paifj62y,cosmos
tm-z2agmead,cimetière,tm-dtfhjmhe,éléments d'architecture
tm-z2gym43f,mouche,tm-es22d6su,animaux
tm-z2jvsb3i,Christ multipliant les pains et les poissons,tm-dferfdbu,Bible
tm-z2kfutb6,apparition du Christ aux Saintes Femmes,tm-dferfdbu,Bible
tm-z3cam6qb,rencontre de Rébecca et Eliézer,tm-dferfdbu,Bible
tm-z3etcbcw,Justin II,tm-chm6nfv2,personnages historiques litteraires et mythologiques
tm-z3j7wtrf,saint Blaise,tm-wnsvi7uz,"apôtres, évangélistes, saints et saintes"
tm-z43sibzs,véronique petit-chêne,tm-dgunamb6,végétaux
tm-z4nmytvw,Pantocrator,tm-dferfdbu,Bible
tm-z4xeu7xc,Gomer,tm-8dvxtncr,personnages de l'Ancien Testament
tm-z58khzhc,Jonas prêchant aux Ninivites,tm-dferfdbu,Bible
tm-z5cc9sfu,abeille,tm-es22d6su,animaux
tm-z5qafgbq,Constantin l'Africain,tm-chm6nfv2,personnages historiques litteraires et mythologiques
tm-z6hdb28n,foulage du raisin,tm-t4ksxzbv,"agriculture, artisanat et commerce, vie quotidienne, calendrier"
tm-z6mewjdn,saint Joachim expulsé du temple,tm-dferfdbu,Bible
tm-z78apcet,bouclier,tm-smvsgy3q,armes
tm-z7yqwjx3,repas,tm-rqhbyapw,alimentation
tm-z88rgbsa,Zacharie (personnage de l'Ancien Testament),tm-8dvxtncr,personnages de l'Ancien Testament
tm-z92bzsw4,caille,tm-es22d6su,animaux
tm-z9k2dkac,Moïse retournant en Égypte,tm-dferfdbu,Bible
tm-z9mwuhfr,acclamation,tm-juhs4qki,pouvoir (thèmes)
tm-zaafwetk,vue,tm-sjsrgabv,vie corporelle
tm-zaiuvu3a,lange,tm-boubjbok,"tissus, parures et accessoires"
tm-zawrqe62,Paradis terrestre,tm-codyk7ew,lieux
tm-zazdgwyp,joug,tm-9xdig6kt,outils et instruments divers
tm-zbpxjvww,psaume 98 : chant liturgique,tm-rfcju69x,"scènes liturgiques, rituelles et vie religieuse"
tm-zbvmmaxf,charivari,tm-qaccoaqf,sacrements et rituels
tm-zbx4epnj,Daniel dans la fosse aux lions,tm-dferfdbu,Bible
tm-zc7sh9qp,combat entre Judas Maccabée et les ennemis d'Israël,tm-dferfdbu,Bible
tm-zcdwkcdh,anneau,tm-boubjbok,"tissus, parures et accessoires"
tm-zcgrmyzy,verveine,tm-dgunamb6,végétaux
tm-zcsn6tub,saint Grégoire,tm-wnsvi7uz,"apôtres, évangélistes, saints et saintes"
tm-zcu2yyyx,amputation,tm-twr3g7gr,peines corporelles et chatiments
tm-zcwcyprb,paternité divine,tm-dferfdbu,Bible
tm-zd2nggxq,premier cavalier de l'Apocalypse,tm-dferfdbu,Bible
tm-zd8ut9ss,Samuel et le prêtre Eli,tm-dferfdbu,Bible
tm-zdb5asef,"homme se chauffant (agriculture, artisanat et commerce, vie quotidienne, calendrier)",tm-t4ksxzbv,"agriculture, artisanat et commerce, vie quotidienne, calendrier"
tm-zdcg2u42,combat,tm-yknzerjb,conflit (thèmes)
tm-zdmjr6lv,tir,tm-yknzerjb,conflit (thèmes)
tm-ze7ga7tc,Création,tm-h4mihrdw,divin et surnaturel
tm-zegnpuf6,balsamite,tm-dgunamb6,végétaux
tm-zehoqdvg,marche,tm-hmgjebc8,déplacements
tm-zenoswcj,pierre d'aimant,tm-voqsjov6,substances naturelles
tm-zerscgdd,Melchisédec,tm-8dvxtncr,personnages de l'Ancien Testament
tm-zf7ytupa,chandelier,tm-xvaw7udz,luminaires
tm-zfb9n7ub,résurrection,tm-h4mihrdw,divin et surnaturel
tm-zffzuawu,sangsue,tm-es22d6su,animaux
tm-zftkh6jb,animaux terrestres à tête unique,tm-4cuzvu8k,"homme, animal, nature"
tm-zfzteado,domptage,tm-n4nxt6at,activités sociales et festives
tm-zg29npzo,sainte Valérie décapitée,tm-yl47emxq,saints et saintes
tm-zgdxviae,pendaison d'Aman,tm-dferfdbu,Bible
tm-zgeabwdt,jacquet,tm-cbnhsoso,jeux
tm-zgezsf2u,Hérode Antipas,tm-ka9s5rfg,personnages du Nouveau Testament
tm-zgoszlpd,Tempérance (personnifications et allégories),tm-6vzkr8da,personnifications et allégories
tm-zgwvm9re,chêne,tm-dgunamb6,végétaux
tm-zh3jijqi,lion replié sur lui-même,tm-4cuzvu8k,"homme, animal, nature"
tm-zh6hypif,lapin,tm-es22d6su,animaux
tm-zhbujjvw,aveugle,tm-clb8u2vx,état du corps et de l'être
tm-zhc7uman,saint Vincent mort protégé par les corbeaux,tm-yl47emxq,saints et saintes
tm-zhcyuyh3,Jovien,tm-chm6nfv2,personnages historiques litteraires et mythologiques
tm-zhh2bw8y,Abishag conduite auprès de David,tm-dferfdbu,Bible
tm-zihrwg5s,valériane,tm-dgunamb6,végétaux
tm-zipc8ufd,compte,tm-akjcakin,"dons, échanges et mesures"
tm-ziyhenmu,saint Jean devant l'ange,tm-dferfdbu,Bible
tm-ziymnzzx,Conrad Ier,tm-chm6nfv2,personnages historiques litteraires et mythologiques
tm-zizhbw9g,lentiste,tm-dgunamb6,végétaux
tm-zjagkawi,tabernacle,tm-ukd2sjju,objets liturgiques et funéraires
tm-zjdaskcl,saint entre deux paons et personnage,tm-yl47emxq,saints et saintes
tm-zjmbzphk,saint Germain d'Auxerre,tm-wnsvi7uz,"apôtres, évangélistes, saints et saintes"
tm-zjnpfqt5,Christ et la noyade des cochons de Gérase,tm-dferfdbu,Bible
tm-zjqu5rqb,Brescia,tm-codyk7ew,lieux
tm-zjxgajnq,personnage tenant un serpent,tm-pqk44ebu,personnages
tm-zk5macbs,poisson,tm-es22d6su,animaux
tm-zkelzgbh,songe de saint Joseph avant la nativité,tm-dferfdbu,Bible
tm-zkxbwbpk,saint Boniface iv,tm-wnsvi7uz,"apôtres, évangélistes, saints et saintes"
tm-zkxfxtrb,onction de David par Samuel,tm-dferfdbu,Bible
tm-zkyqpuzu,baquet,tm-xhaodmx4,récipients et contenants
tm-zl3dpheh,oiseaux affrontés picorant,tm-4cuzvu8k,"homme, animal, nature"
tm-zl5gk7n2,Antonin le Pieux,tm-chm6nfv2,personnages historiques litteraires et mythologiques
tm-zlcqwohh,consul,tm-kdmndh48,catégories sociales et peuples
tm-zlitksgs,Antée,tm-chm6nfv2,personnages historiques litteraires et mythologiques
tm-zlkbw5pz,aubergine,tm-dgunamb6,végétaux
tm-zlurfuat,crapaud,tm-es22d6su,animaux
tm-zlwdevup,laurier des marais,tm-dgunamb6,végétaux
tm-zmbgmezt,criquet,tm-es22d6su,animaux
tm-zmdkrqpc,Astyanax,tm-chm6nfv2,personnages historiques litteraires et mythologiques
tm-zmhf7nh8,Rodolphe de Habsbourg,tm-chm6nfv2,personnages historiques litteraires et mythologiques
tm-zmuz7z7b,Clodion,tm-chm6nfv2,personnages historiques litteraires et mythologiques
tm-zmxlame9,ibis,tm-es22d6su,animaux
tm-zn7lmvzm,taureau,tm-es22d6su,animaux
tm-zn8ypys2,crucifiement du Christ,tm-dferfdbu,Bible
tm-znb6yctz,Charité (personnifications et allégories),tm-6vzkr8da,personnifications et allégories
tm-znft4pby,serrure,tm-9xdig6kt,outils et instruments divers
tm-znhb2x88,colère,tm-mxk5b5af,vertus et vices (thèmes)
tm-znoukjuk,pluie de cailles,tm-dferfdbu,Bible
tm-znynvbci,lavande,tm-dgunamb6,végétaux
tm-zofxmizy,mariage de David et Mikal,tm-dferfdbu,Bible
tm-zohgq8kg,pharmacie,tm-yvy9sjme,activités artisanales
tm-zp68q8vd,repentir de David,tm-dferfdbu,Bible
tm-zp88keab,port,tm-dtfhjmhe,éléments d'architecture
tm-zpfubcgc,saint Jean-Baptiste en prison,tm-dferfdbu,Bible
tm-zpgsuhs8,personnage attaqué par des dragons,tm-pqk44ebu,personnages
tm-zpskgwqn,magicien,tm-gie9c6et,clercs et statuts religieux
tm-zpw8kwcf,griffons adossés,tm-4cuzvu8k,"homme, animal, nature"
tm-zpykzvd3,colombe,tm-es22d6su,animaux
tm-zpzwofju,oiseau sur feuille,tm-4cuzvu8k,"homme, animal, nature"
tm-zqegfer5,Moïse défendant les filles de Jéthro,tm-dferfdbu,Bible
tm-zqfawhad,saint Pélage pape,tm-wnsvi7uz,"apôtres, évangélistes, saints et saintes"
tm-zqfktdpc,planète Saturne,tm-paifj62y,cosmos
tm-zqlblsvm,paracelle,tm-dgunamb6,végétaux
tm-zqsduapn,évangélistes-4 zoomorphes,tm-wnsvi7uz,"apôtres, évangélistes, saints et saintes"
tm-zqsjhfpk,saint Rémi,tm-wnsvi7uz,"apôtres, évangélistes, saints et saintes"
tm-zqvupjrf,boulangerie,tm-yvy9sjme,activités artisanales
tm-zqxvmxcw,repas du Christ chez Simon,tm-dferfdbu,Bible
tm-zr8an7jt,Marc,tm-chm6nfv2,personnages historiques litteraires et mythologiques
tm-zrhnvnca,scène de rhétorique,tm-nh4p7ibg,arts et savoirs
tm-zrrc3fg5,sainte Aure,tm-wnsvi7uz,"apôtres, évangélistes, saints et saintes"
tm-zrtwrofm,accouplement,tm-ru4qcmye,sentiments et sexualite
tm-zru3et4m,forge,tm-yvy9sjme,activités artisanales
tm-zs8428gj,présentation de la Vierge au temple,tm-dferfdbu,Bible
tm-zsehbaa4,"semailles (agriculture, artisanat et commerce, vie quotidienne, calendrier)",tm-t4ksxzbv,"agriculture, artisanat et commerce, vie quotidienne, calendrier"
tm-zsmwezyg,oiseau de Germanie,tm-es22d6su,animaux
tm-zt6w3qgp,ensevelissement de saint Jean-Baptiste,tm-dferfdbu,Bible
tm-ztlnuzcx,castration,tm-twr3g7gr,peines corporelles et chatiments
tm-ztnp2b9h,vestale,tm-kdmndh48,catégories sociales et peuples
tm-ztutdgnb,circoncision de saint Jean-Baptiste,tm-dferfdbu,Bible
tm-zuabdw2z,Éliézer prêtant serment à Abraham,tm-dferfdbu,Bible
tm-zuczkveg,sainte Radegonde rendant la vie à un laurier desséché,tm-yl47emxq,saints et saintes
tm-zuecdty7,clerc,tm-gie9c6et,clercs et statuts religieux
tm-zugb7wjg,pêcher,tm-dgunamb6,végétaux
tm-zuhbjczx,"investiture de Juda, premier juge",tm-dferfdbu,Bible
tm-zuk2x2qb,"décan III (homme, animal, nature)",tm-4cuzvu8k,"homme, animal, nature"
tm-zup7vei3,écuyer,tm-kdmndh48,catégories sociales et peuples
tm-zuuahrqr,Michée,tm-8dvxtncr,personnages de l'Ancien Testament
tm-zuydgyhi,Sarde,tm-codyk7ew,lieux
tm-zuygjezq,scammonée,tm-dgunamb6,végétaux
tm-zuyr9ztw,cuisine,tm-rqhbyapw,alimentation
tm-zv4jdfqc,saint Ammon,tm-wnsvi7uz,"apôtres, évangélistes, saints et saintes"
tm-zv8nukxj,scrofulaire,tm-dgunamb6,végétaux
tm-zw9lba7q,Joël condamnant l'ivresse des Hébreux,tm-dferfdbu,Bible
tm-zwcdxnyc,palme,tm-dgunamb6,végétaux
tm-zwhjdgv2,cyprès,tm-dgunamb6,végétaux
tm-zwtefrba,combat entre Gédéon et les Madianites,tm-dferfdbu,Bible
tm-zx3nw2vk,saint Prote,tm-wnsvi7uz,"apôtres, évangélistes, saints et saintes"
tm-zxk82hqy,glanage,tm-kgvsqwxd,activités rurales
tm-zxmvxnnw,Joab tuant Absalom,tm-dferfdbu,Bible
tm-zxoyx5cq,parabole du créancier impitoyable,tm-dferfdbu,Bible
tm-zxq5mwf8,Christ et la Samaritaine,tm-dferfdbu,Bible
tm-zxqkzyax,viande,tm-b9hasrrk,aliments
tm-zxqxspet,David et son troupeau,tm-dferfdbu,Bible
tm-zybbqhz5,lampourde,tm-dgunamb6,végétaux
tm-zyj8kq2x,victoire de Jephté sur les Ammonites,tm-dferfdbu,Bible
tm-zyyrsuwa,oiseaux aux cous entrelacés,tm-4cuzvu8k,"homme, animal, nature"
tm-zztlap8q,pygargue,tm-es22d6su,animaux
tm-zzvntbbv,roi de Syrie,tm-kdmndh48,catégories sociales et peuples
tm-zzxfrztf,saint Dysmas,tm-wnsvi7uz,"apôtres, évangélistes, saints et saintes"
tm-zzz4wgez,saint Jean zoomorphe,tm-wnsvi7uz,"apôtres, évangélistes, saints et saintes"
tm-zzzynnjt,chat,tm-es22d6su,animaux
